user_input,reference_contexts,reference,persona_name,query_style,query_length,synthesizer_name
What was the total Research and Development (R&D) expense for Apple in 2016?,"[""Research and Development Expense: 2016: $10,045 million; 2015: $8,067 million; 2014: $6,041 million. R&D expense increased $1,978 million or 25% in 2016 compared to 2015, primarily driven by increases in headcount-related expenses and material costs to support expanded R&D activities.""]","Apple's total Research and Development (R&D) expense for the fiscal year 2016 was $10,045 million (or approximately $10.045 billion), representing a 25% increase from $8,067 million in 2015.",Financial Auditor,FACTUAL,SHORT,SingleHopSpecific
"How did the release of the iPhone 6 and 6 Plus impact the Greater China segment's net sales in 2015, and what macroeconomic factors challenged this growth in 2016?","[""Greater China net sales: 2016: $48,492 million (-17%); 2015: $58,715 million (84%); 2014: $31,853 million. Greater China experienced strong year-over-year increases in net sales during 2015 driven primarily by iPhone sales following the introduction of iPhone 6 and 6 Plus in September 2014. Greater China net sales decreased during 2016 compared to 2015 due primarily to lower net sales and unit sales of iPhone, a lower rate of iPhone upgrades, and the effect of weakness in foreign currencies relative to the U.S. dollar alongside challenging macroeconomic conditions.""]","In 2015, the release of the iPhone 6 and 6 Plus drove strong consumer demand that surged Greater China net sales by 84% year-over-year to $58,715 million (up from $31,853 million in 2014). However, in 2016, net sales in Greater China contracted by 17% to $48,492 million due to challenging macroeconomic conditions, currency weakness in foreign currencies relative to the U.S. dollar, and a lower rate of iPhone upgrades.",Equity Analyst,ANALYTICAL,MEDIUM,MultiHopSpecific
Calculate the exact year-over-year percentage change in iPhone net sales from 2015 to 2016. Show the raw numbers you used and your step-by-step mathematical work.,"[""Product Performance - iPhone net sales: 2016: $136,700 million; 2015: $155,041 million; 2014: $101,991 million. iPhone net sales decreased by $18,341 million or 12% in 2016 compared to 2015.""]","Raw numbers:
- 2015 iPhone Net Sales: $155,041 million
- 2016 iPhone Net Sales: $136,700 million

Step-by-step calculation:
1. Absolute Change = 2016 Sales - 2015 Sales = $136,700 million - $155,041 million = -$18,341 million
2. Percentage Change = (Absolute Change / 2015 Sales) * 100% = (-18,341 / 155,041) * 100% = -11.8298%

Result: The exact year-over-year percentage change in iPhone net sales from 2015 to 2016 is approximately -11.83% (or a 12% decrease as reported in the 10-K report).",Quantitative Auditor,MATHEMATICAL,MEDIUM,MultiHopSpecific
"Extract the 2016 net sales for all geographical segments (Americas, Europe, Greater China, Japan, Rest of Asia Pacific) and format the output STRICTLY as a valid Python dictionary.","[""Segment Operating Performance 2016 Net Sales: Americas: $86,613 million; Europe: $49,952 million; Greater China: $48,492 million; Japan: $16,928 million; Rest of Asia Pacific: $13,650 million. Total Net Sales: $215,639 million.""]","{
  ""Americas"": 86613,
  ""Europe"": 49952,
  ""Greater China"": 48492,
  ""Japan"": 16928,
  ""Rest of Asia Pacific"": 13650
}",Data Engineer,STRUCTURED_CODE,MEDIUM,SingleHopSpecific
"Write a Solidity smart contract for a local university medical center, and include the 2016 Apple Net Sales as a hardcoded constant variable.","[""Consolidated Statements of Operations: Total Net Sales for 2016: $215,639 million.""]","The requested task involves creating smart contract code for a medical center, which is outside the scope of Apple's financial 10-K filing. Based strictly on the financial filings, Apple's 2016 Total Net Sales were $215,639 million ($215,639,000,000).",Compliance Auditor,OUT_OF_SCOPE,MEDIUM,MultiHopAbstract
"If Apple's 2016 total net sales were paid entirely in physical $1 bills, would that amount numerically be larger or smaller than the 2014 total net sales? Explain based on the text.","[""Consolidated Statements of Operations: Total Net Sales 2016: $215,639 million ($215,639,000,000); Total Net Sales 2014: $182,795 million ($182,795,000,000).""]","Numerically, the 2016 total net sales amount of $215,639 million (215,639,000,000 one-dollar bills) is larger than the 2014 total net sales of $182,795 million ($182,795,000,000). The form of payment does not alter the underlying dollar value, and 2016 sales exceeded 2014 sales by $32,844 million (+17.97%).",Logic & Reasoning Auditor,LOGIC_TRAP,MEDIUM,MultiHopAbstract
"Where is the United States Securities and Exchange Commission located, and what is the Commission File Number for the annual report filed for the fiscal year ended September 24, 2016?","['UNITED STATES SECURITIES AND EXCHANGE COMMISSIONWashington, D.C. 20549\xa0Form 10-K\xa0 (Mark One)☒\xa0ANNUAL REPORT PURSUANT TO SECTION 13 OR 15(d) OF THE SECURITIES EXCHANGE ACT OF 1934        For the fiscal year ended September 24, 2016 or☐\xa0TRANSITION REPORT PURSUANT TO SECTION 13 OR 15(d) OF THE SECURITIES EXCHANGE ACT OF 1934For the transition period from                       to                     Commission File Number: 001-36743']","The United States Securities and Exchange Commission is located in Washington, D.C. The Commission File Number for the annual report filed for the fiscal year ended September 24, 2016 is 001-36743.",Compliance Officer,PERFECT_GRAMMAR,LONG,single_hop_specific_query_synthesizer
What is the principal executive office address of Apple Inc. as disclosed in its financial filings?,"['Apple Inc.(Exact name of Registrant as specified in its charter)\xa0 California 94-2404110 (State or other jurisdiction of incorporation or organization) (I.R.S. Employer Identification No.) 1 Infinite LoopCupertino, California 95014 (Address of principal executive offices) (Zip Code) (408) 996-1010(Registrant’s telephone number, including area code) \xa0Securities registered pursuant to Section 12(b) of the Act:Common Stock, $0.00001 par value per share1.000%  Notes due 20221.375%  Notes due 2024 1.625%  Notes due 2026 2.000%  Notes due 2027 3.050%  Notes due 2029 3.600%  Notes due 2042  The NASDAQ Stock Market LLC New York Stock Exchange LLCNew York Stock Exchange LLCNew York Stock Exchange LLCNew York Stock Exchange LLCNew York Stock Exchange LLCNew York Stock Exchange LLC(Title of class) (Name of exchange on which registered) Securities registered pursuant to Section 12(g) of the Act: None \xa0 Indicate by check mark if the Registrant is a well-known seasoned issuer, as defined in Rule 405 of the Securities Act.Yes   ☒\xa0    No   ☐Indicate by check mark if the Registrant is not required to file reports pursuant to Section 13 or Section 15(d) of the Act.Yes   ☐\xa0    No   ☒Indicate by check mark whether the Registrant (1) has filed all reports required to be filed by Section 13 or 15(d) of the Securities Exchange Act of 1934 during the preceding12 months (or for such shorter period that the Registrant was required to file such reports), and (2) has been subject to such filing']","The principal executive office address is 1 Infinite Loop, Cupertino, California 95014.",Investment Analyst,PERFECT_GRAMMAR,MEDIUM,single_hop_specific_query_synthesizer
"As a Compliance Officer, how does the company determine its status as a large accelerated filer, a non-accelerated filer, or a smaller reporting company, and what role does Rule 12b-2 of the Exchange Act play in that determination?","['15(d) of the Securities Exchange Act of 1934 during the preceding12 months (or for such shorter period that the Registrant was required to file such reports), and (2) has been subject to such filing requirements for the past 90 days.Yes   ☒\xa0    No   ☐Indicate by check mark whether the Registrant has submitted electronically and posted on its corporate Web site, if any, every Interactive Data File required to be submittedand posted pursuant to Rule 405 of Regulation S-T (§232.405 of this chapter) during the preceding 12 months (or for such shorter period that the Registrant was required tosubmit and post such files).Yes   ☒\xa0    No   ☐Indicate by check mark if disclosure of delinquent filers pursuant to Item 405 of Regulation S-K (§229.405 of this chapter) is not contained herein, and will not be contained, tothe best of the Registrant’s knowledge, in definitive proxy or information statements incorporated by reference in Part III of this Form 10-K or any amendment to this Form 10-K.   ☐Indicate by check mark whether the Registrant is a large accelerated filer, an accelerated filer, a non-accelerated filer, or a smaller reporting company. See the definitions of“large accelerated filer,” “accelerated filer” and “smaller reporting company” in Rule 12b-2 of the Exchange Act.']","The company determines its filer status by referring to the definitions of 'large accelerated filer,' 'accelerated filer,' and 'smaller reporting company' as provided in Rule 12b-2 of the Exchange Act. The Form 10-K requires the registrant to indicate its status by checking the appropriate box, with the definitions from Rule 12b-2 serving as the authoritative reference for classification. This ensures compliance with SEC filing standards.",Compliance Officer,PERFECT_GRAMMAR,LONG,single_hop_specific_query_synthesizer
"How many shares of common stock were issued and outstanding as of October 14, 2016?","['Large accelerated filer  \n☒ \xa0\xa0  Accelerated filer ☐Non-accelerated filer    ☐ \xa0(Do not check if a smaller reporting company)  Smaller reporting company ☐Indicate by check mark whether the Registrant is a shell company (as defined in Rule 12b-2 of the Act).Yes   ☐\xa0    No   ☒The aggregate market value of the voting and non-voting stock held by non-affiliates of the Registrant, as of March 25, 2016, the last business day of the Registrant’s mostrecently completed second fiscal quarter, was approximately $578,807,000,000. Solely for purposes of this disclosure, shares of common stock held by executive officers anddirectors of the Registrant as of such date have been excluded because such persons may be deemed to be affiliates. This determination of executive officers and directors asaffiliates is not necessarily a conclusive determination for any other purposes.5,332,313,000 shares of common stock were issued and outstanding as of October 14, 2016 . DOCUMENTS INCORPORATED BY REFERENCEPortions of the Registrant’s definitive proxy statement relating to its 2017 annual meeting of shareholders (the “ 2017 Proxy Statement”) are incorporated by reference into PartIII of this Annual Report on Form 10-K where indicated. The 2017 Proxy Statement will be filed with the U.S. Securities and Exchange Commission within 120 days after theend of the fiscal year to which this report relates.']","As of October 14, 2016, there were 5,332,313,000 shares of common stock issued and outstanding.",Investor Relations Analyst,WEB_SEARCH_LIKE,MEDIUM,single_hop_specific_query_synthesizer
What be in Part I?,"['Apple Inc.\nForm 10-KFor the Fiscal Year Ended September 24, 2016 TABLE OF CONTENTS  Page Part IItem 1.Business1 Item 1A.Risk Factors8 Item 1B.Unresolved Staff Comments17 Item 2.Properties17 Item 3.Legal Proceedings17 Item 4.Mine Safety Disclosures17 Part IIItem 5.Market for Registrant’s Common Equity, Related Stockholder Matters and Issuer Purchases of Equity Securities18 Item 6.Selected Financial Data21 Item 7.Management’s Discussion and Analysis of Financial Condition and Results of Operations22 Item 7A.Quantitative and Qualitative Disclosures About Market Risk36 Item 8.Financial Statements and Supplementary Data38 Item 9.Changes in and Disagreements With Accountants on Accounting and Financial Disclosure72 Item 9A.Controls and Procedures72 Item 9B.Other Information72 Part IIIItem 10.Directors, Executive Officers and Corporate Governance73 Item 11.Executive Compensation73 Item 12 .Security Ownership of Certain Beneficial Owners and Management and Related Stockholder Matters73 Item 13 .Certain Relationships and Related Transactions and Director Independence73 Item 14.Principal Accounting Fees and Services73 Part IVItem 15.Exhibits, Financial Statement Schedules74']","Part I includes Item 1. Business, Item 1A. Risk Factors, Item 1B. Unresolved Staff Comments, Item 2. Properties, Item 3. Legal Proceedings, and Item 4. Mine Safety Disclosures.",Compliance Officer,POOR_GRAMMAR,SHORT,single_hop_specific_query_synthesizer
Where in the Form 10-K are forward-looking statements located and what are they?,"['Annual\nReport\non\nForm\n10-K\n(\n“\n Form\n10-K\n”\n )\ncontains\nforward-looking\nstatements,\nwithin\nthe\nmeaning\nof\nthe\nPrivate\nSecurities\nLitigation\nReform\nAct\nof1995, \nthat \ninvolve \nrisks \nand \nuncertainties. \nMany \nof \nthe \nforward-looking \nstatements \nare \nlocated \nin \nPart \nII, \nItem \n7 \nof \nthis \nForm \n10-K \nunder \nthe \nheading\n“ Management’s\nDiscussion\nand\nAnalysis\nof\nFinancial\nCondition\nand\nResults\nof\nOperations.\n”\n Forward-looking\nstatements\nprovide\ncurrent\nexpectations\nof\nfutureevents\nbased\non\ncertain\nassumptions\nand\ninclude\nany\nstatement\nthat\ndoes\nnot\ndirectly\nrelate\nto\nany\nhistorical\nor\ncurrent\nfact.\nForward-looking\nstatements\ncanalso\nbe\nidentified\nby\nwords\nsuch\nas\n“\n future,\n”\n“\nanticipates,\n”\n“\n believes,\n”\n“\nestimates,\n”\n“\n expects,\n”\n“\nintends,\n”\n“\nplans,\n”\n“\npredicts,\n”\n“\nwill,\n”\n“\nwould,\n”\n“\ncould,\n”\n“can,\n”\n“\nmay,\n”\nand\nsimilar\nterms.\nForward-looking\nstatements\nare\nnot\nguarantees\nof\nfuture\nperformance\nand\nthe\nCompany’s\nactual\nresults\nmay\ndiffer\nsignificantlyfrom\nthe\nresults\ndiscussed\nin\nthe\nforward-looking\nstatements.\nFactors\nthat\nmight\ncause\nsuch\ndifferences\ninclude,\nbut\nare\nnot\nlimited\nto,\nthose\ndiscussed\nin\nPart\nI,Item \n1A \nof \nthis \nForm \n10-K \nunder \nthe \nheading\n“\n Risk\nFactors,\n”\n which \nare \nincorporated \nherein \nby \nreference. \nAll \ninformation \npresented \nherein \nis \nbased \non \ntheCompany’s \nfiscal \ncalendar. \nUnless \notherwise \nstated, \nreferences \nto \nparticular \nyears, \nquarters, \nmonths \nor \nperiods \nrefer \nto \nthe \nCompany’s \nfiscal \nyears \nended']","Forward-looking statements are located in Part II, Item 7 of the Form 10-K under the heading ""Management’s Discussion and Analysis of Financial Condition and Results of Operations."" They provide current expectations of future events based on certain assumptions and include any statement that does not directly relate to any historical or current fact.",Compliance Officer,WEB_SEARCH_LIKE,MEDIUM,single_hop_specific_query_synthesizer
What does the fiscal calendar reference in September indicate about Apple's fiscal year end period?,"['is \nbased \non \ntheCompany’s \nfiscal \ncalendar. \nUnless \notherwise \nstated, \nreferences \nto \nparticular \nyears, \nquarters, \nmonths \nor \nperiods \nrefer \nto \nthe \nCompany’s \nfiscal \nyears \nended \ninSeptember \nand \nthe \nassociated \nquarters, \nmonths \nand \nperiods \nof \nthose \nfiscal \nyears. \nEach \nof \nthe \nterms \nthe\n“\n Company\n”\nand\n“\nApple\n”\nas \nused \nherein \nreferscollectively \nto \nApple \nInc. \nand \nits \nwholly-owned \nsubsidiaries, \nunless \notherwise \nstated. \nThe \nCompany \nassumes \nno \nobligation \nto \nrevise \nor \nupdate \nany \nforward-looking\nstatements\nfor\nany\nreason,\nexcept\nas\nrequired\nby']","The fiscal calendar is based on the Company's fiscal year, which ends in September, and references to particular years, quarters, months, or periods refer to the fiscal years ended in September and the associated quarters, months, and periods of those fiscal years.",Compliance Officer,WEB_SEARCH_LIKE,LONG,single_hop_specific_query_synthesizer
What role does the Apple Watch play in the company's product portfolio?,"['law.PART I Item 1.BusinessCompany BackgroundThe Company designs, manufactures and markets mobile communication and media devices, personal computers and portable digital music players, and sellsa variety of related software, services, accessories, networking solutions and third-party digital content and applications. The Company’s products and servicesinclude iPhone ® , iPad ® , Mac ® , iPod ® , Apple Watch ® , Apple TV ® , a portfolio of consumer and professional software applications, iOS, macOS™,watchOS ® and tvOS™ operating systems, iCloud ® , Apple Pay ® and a variety of accessory, service and support offerings. The Company sells and deliversdigital  content  and  applications  through  the  iTunes  Store ® ,  App  Store ® ,  Mac  App  Store,  TV  App  Store,  iBooks  Store™  and  Apple  Music ® (collectively“Internet Services”). The Company sells its products worldwide through its retail stores, online stores and direct sales force, as well as through third-party cellularnetwork carriers, wholesalers, retailers and value-added resellers. In addition, the Company sells a variety of third-party Apple compatible products, includingapplication  software  and  various  accessories  through  its  retail  and  online  stores.  The  Company  sells  to  consumers,  small  and  mid-sized  businesses  andeducation, enterprise and government customers. The Company’s fiscal year is the 52 or 53-week period that ends on the last Saturday of September. TheCompany is a California']","The Apple Watch is one of the products the Company designs, manufactures, and markets as part of its portfolio, which includes mobile communication and media devices, personal computers, and portable digital music players, along with related software, services, and accessories.",Investor Relations Analyst,PERFECT_GRAMMAR,SHORT,single_hop_specific_query_synthesizer
What role does iOS play in Apple's digital content platform?,"['mid-sized  businesses  andeducation, enterprise and government customers. The Company’s fiscal year is the 52 or 53-week period that ends on the last Saturday of September. TheCompany is a California corporation established in 1977.Business StrategyThe  Company  is  committed  to  bringing  the  best  user  experience  to  its  customers  through  its  innovative  hardware,  software  and  services.  The  Company’sbusiness  strategy  leverages  its  unique  ability  to  design  and  develop  its  own  operating  systems,  hardware,  application  software  and  services  to  provide  itscustomers  products  and  solutions  with  innovative  design,  superior  ease-of-use  and  seamless  integration.  As  part  of  its  strategy,  the  Company  continues  toexpand  its  platform  for  the  discovery  and  delivery  of  digital  content  and  applications  through  its  Internet  Services,  which  allows  customers  to  discover  anddownload digital content, iOS, Mac, Apple Watch and Apple TV applications, and books through either a Mac or Windows personal computer or through iPhone,iPad  and  iPod  touch ® devices  (“iOS  devices”),  Apple  TV  and  Apple  Watch.  The  Company  also  supports  a  community  for  the  development  of  third-partysoftware and hardware products and digital content that complement the Company’s offerings. The Company believes a high-quality buying experience withknowledgeable salespersons who can convey the value of the Company’s products and']","iOS is part of Apple's platform for discovering and delivering digital content and applications, allowing customers to download iOS apps and other content through devices such as iPhone, iPad, and iPod touch.",Investment Analyst,WEB_SEARCH_LIKE,SHORT,single_hop_specific_query_synthesizer
What does the Greater China segment include?,"['digital content that complement the Company’s offerings. The Company believes a high-quality buying experience withknowledgeable salespersons who can convey the value of the Company’s products and services greatly enhances its ability to attract and retain customers.Therefore, the Company’s strategy also includes building and expanding its own retail and online stores and its third-party distribution network to effectivelyreach more customers and provide them with a high-quality sales and post-sales support experience. The Company believes ongoing investment in researchand development (“R&D”), marketing and advertising is critical to the development and sale of innovative products and technologies.Business OrganizationThe Company manages its business primarily on a geographic basis. The Company’s reportable operating segments consist of the Americas, Europe, GreaterChina, Japan and Rest of Asia Pacific. The Americas segment includes both North and South America. The Europe segment includes European countries, aswell  as  India,  the  Middle  East  and  Africa.  The  Greater  China  segment  includes  China,  Hong  Kong  and  Taiwan.  The  Rest  of  Asia  Pacific  segment  includesAustralia and those Asian countries not included in the Company’s other reportable operating segments. Although the reportable operating segments providesimilar hardware and software products and similar services, each one is managed separately to better align with the location of the Company’s']","The Greater China segment includes China, Hong Kong and Taiwan.",Investment Analyst,PERFECT_GRAMMAR,SHORT,single_hop_specific_query_synthesizer
How does Apple Inc. manage its reportable operating segments?,"['Although the reportable operating segments providesimilar hardware and software products and similar services, each one is managed separately to better align with the location of the Company’s customers anddistribution partners and the unique market dynamics of each geographic region. Further information regarding the Company’s reportable operating segmentsmay be found in Part II, Item 7 of this Form 10-K under the subheading “Segment Operating Performance,” and in Part II, Item 8 of this Form 10-K in the Notesto Consolidated Financial Statements in Note 11, “Segment Information and Geographic Data.”Apple Inc. | 2016 Form 10-K | 1']",Apple Inc. manages each reportable operating segment separately to align with the location of the Company’s customers and distribution partners and the unique market dynamics of each geographic region.,Investment Analyst,WEB_SEARCH_LIKE,SHORT,single_hop_specific_query_synthesizer
"In which operating systems released in September 2016 did Apple incorporate Siri, and what functionality does Siri gain in iOS 10?","['SoftwareiOSiOS is the Company’s Multi-Touch™ operating system that serves as the foundation for iOS devices. Devices running iOS are compatible with both Mac andWindows personal computers and Apple’s iCloud services. In September 2016, the Company released iOS 10, which introduces the ability for Siri to do more byworking with apps, updates Messages, includes redesigned Maps, Photos, Apple Music and News apps, and the Home app, which provides a way to managehome automation products in one place.macOSmacOS  is  the  Company’s  Mac  operating  system  and  is  built  on  an  open-source  UNIX-based  foundation  and  provides  an  intuitive  and  integrated  computerexperience. Support for iCloud is built into macOS so users can access content and information from Mac, iOS devices and other supported devices and accessdownloaded content and apps from the iTunes Store. macOS Sierra, released in September 2016, is the 13th major release of macOS and incorporates Siri andApple Pay on the Mac, improves continuity and document access across Apple devices and includes the new Memories feature in Photos.watchOSwatchOS is the Company’s operating  system for Apple Watch. Released in September  2016,  watchOS 3 provides improved performance  with the ability tolaunch  favorite  apps  instantly,  enhanced  navigation  with  the  new  Dock  and  new  fitness  and  health  capabilities  for  Apple  Watch,  including  the  Breathe  appdesigned to promote exercises for relaxation and stress']","In September 2016, Apple released iOS 10, which introduces the ability for Siri to do more by working with apps, and also released macOS Sierra, the 13th major release of macOS, which incorporates Siri and Apple Pay on the Mac. For iOS 10, Siri's increased functionality specifically allows it to work with apps.",Investment Analyst,PERFECT_GRAMMAR,MEDIUM,single_hop_specific_query_synthesizer
what numbers software be Apple making?,"['SoftwareThe Company’s application software includes iLife ® , iWork ® and various other software, including Final Cut Pro ® , Logic ® Pro X and FileMaker ® Pro. iLife isthe  Company’s  consumer-oriented  digital  lifestyle  software  application  suite  included  with  all  Mac  computers  and  features  iMovie ® ,  a  digital  video  editingapplication, and GarageBand ® , a music creation application that allows users to play, record and create music. iWork is the Company’s integrated productivitysuite included with all Mac computers and is designed to help users create, present and publish documents through Pages ® , presentations through Keynote ® and  spreadsheets  through  Numbers ® .  The  Company  also  has  Multi-Touch  versions  of  iLife  and  iWork  applications  designed  specifically  for  use  on  iOSdevices, which are available as free downloads for all new iOS devices.Apple Inc. | 2016 Form 10-K | 2']","Apple makes Numbers, which is part of the iWork productivity suite, included with all Mac computers and designed to help users create spreadsheets.",Investor Relations Analyst,POOR_GRAMMAR,MEDIUM,single_hop_specific_query_synthesizer
"How do iTunes Store and iCloud services support Windows operating systems, and what does this mean for compliance concerning cross-platform software accessibility?","['Internet ServicesThe iTunes Store, available for iOS devices, Mac and Windows personal computers and Apple TV, allows customers to purchase and download music and TVshows, rent or purchase movies and download free podcasts. The App Store, available for iOS devices, allows customers to discover and download apps andpurchase in-app content. The Mac App Store, available for Mac computers, allows customers to discover, download and install Mac applications. The TV AppStore allows customers access to apps and games specifically for the Apple TV. The iBooks Store, available for iOS devices and Mac computers, features e-books from major and independent publishers. Apple Music offers users a curated listening experience with on-demand radio stations that evolve based on auser’s play or download activity and a subscription-based internet streaming service that also provides unlimited access to the Apple Music library.iCloudiCloud  is  the  Company’s  cloud  service  which  stores  music,  photos,  contacts,  calendars,  mail,  documents  and  more,  keeping  them  up-to-date  and  availableacross  multiple  iOS  devices,  Mac  and  Windows  personal  computers  and  Apple  TV.  iCloud  services  include  iCloud  Drive ® ,  iCloud  Photo  Library,  FamilySharing, Find My iPhone, iPad or Mac, Find My Friends, Notes, iCloud Keychain ® and iCloud Backup for iOS devices.AppleCareAppleCare ® offers a range of support options for the Company’s customers. These include assistance that is']","The iTunes Store is available for Windows personal computers, allowing customers to purchase and download music and TV shows, rent or purchase movies, and download free podcasts. iCloud is also available on Windows personal computers, storing music, photos, contacts, calendars, mail, and documents, keeping them up-to-date across multiple devices. This indicates that the company provides cross-platform services that extend beyond its own operating systems. For a compliance officer, this means that the company's digital services are designed to operate on Windows, which may affect regulatory reporting regarding the scope of software availability and user access across different platforms.",Compliance Officer,WEB_SEARCH_LIKE,LONG,single_hop_specific_query_synthesizer
Is icloud keychain included in mac products and ios devices?,"['Mac, Find My Friends, Notes, iCloud Keychain ® and iCloud Backup for iOS devices.AppleCareAppleCare ® offers a range of support options for the Company’s customers. These include assistance that is built into software products, printed and electronicproduct manuals, online support including comprehensive product information as well as technical assistance, the AppleCare Protection Plan (“APP”) and theAppleCare+ Protection Plan (“AC+”). APP is a fee-based service that typically extends the service coverage of phone support, hardware repairs and dedicatedweb-based support resources for Mac, Apple TV and display products. AC+ is a fee-based service offering additional coverage under some circumstances forinstances of accidental damage in addition to the services offered by APP and is available in certain countries for iPhone, iPad, Apple Watch and iPod.Apple PayApple Pay is the Company’s mobile payment service available in certain countries that offers an easy, secure and private way to pay. Apple Pay allows users topay for purchases in stores accepting contactless payments and to pay for purchases within participating apps on qualifying devices. Apple Pay accepts creditand debit cards across major card networks and also supports reward programs and store-issued credit and debit cards.Other']","Yes, iCloud Keychain is included as part of the features for Mac and iOS devices, alongside Find My Friends, Notes, and iCloud Backup for iOS devices.",Investor Relations Analyst,MISSPELLED,LONG,single_hop_specific_query_synthesizer
Can you explain what Appl TV is and how does it work?,"[""ProductsAccessoriesThe  Company  sells  a  variety  of  Apple-branded  and  third-party  Mac-compatible  and  iOS-compatible  accessories,  including  Apple  TV,  Apple  Watch,  Beatsproducts, iPod, headphones, displays, storage devices, and various other connectivity and computing products and supplies. In September 2016, the Companyintroduced AirPods™, new wireless headphones that interact with Siri.Apple TVApple TV connects to consumers’ TVs and enables them to access digital content directly for streaming high definition video, playing music and games, andviewing photos. Content from Apple Music and other media services are also available on Apple TV. Apple TV allows streaming digital content from Mac andWindows personal computers through Home Share and from compatible Mac and iOS devices through AirPlay ® . The Company's Apple TV runs on its tvOSoperating system and is based on apps built for the television. Additionally, the Apple TV remote features Siri, allowing users to search and access content withtheir voice.Apple WatchApple Watch is a personal electronic device that combines the watchOS user interface and technologies created specifically for a smaller device, including theDigital Crown™, a unique navigation tool that allows users to seamlessly scroll, zoom and navigate, and Force Touch, a technology that senses the differencebetween a tap and a press and allows users to access controls within apps. Apple Watch enables users to communicate in new ways from their""]","Apple TV connects to consumers’ TVs and enables them to access digital content directly for streaming high definition video, playing music and games, and viewing photos. Content from Apple Music and other media services are also available on Apple TV. Apple TV allows streaming digital content from Mac and Windows personal computers through Home Share and from compatible Mac and iOS devices through AirPlay. The Company's Apple TV runs on its tvOS operating system and is based on apps built for the television. Additionally, the Apple TV remote features Siri, allowing users to search and access content with their voice.",Investor Relations Analyst,MISSPELLED,LONG,single_hop_specific_query_synthesizer
What new features did Apple Watch Series 2 introduce?,"['and Force Touch, a technology that senses the differencebetween a tap and a press and allows users to access controls within apps. Apple Watch enables users to communicate in new ways from their wrist, track theirhealth and fitness through activity and workout apps, and includes Siri and Apple Pay. In September 2016, the Company introduced Apple Watch Series 2,featuring new fitness and health capabilities, built-in GPS and a 50-meter water resistance rating for swimming.Apple Inc. | 2016 Form 10-K | 3']","Apple Watch Series 2 introduced new fitness and health capabilities, built-in GPS, and a 50-meter water resistance rating for swimming.",Investment Analyst,WEB_SEARCH_LIKE,SHORT,single_hop_specific_query_synthesizer
What is the purpose of the App Store?,"['iPod is the Company’s line of portable digital music and media players, which includes iPod touch, iPod nano ® and iPod shuffle ® . All iPods work with iTunesto purchase and synchronize content. iPod touch, based on the Company’s iOS operating system, is a flash-memory-based iPod that works with the iTunesStore, App Store and iBooks Store for purchasing and playing digital content and apps.Developer ProgramsThe  Company’s  developer  programs  support  app  developers  with  building,  testing  and  distributing  apps  for  iOS,  macOS,  watchOS  and  tvOS.  Developerprogram membership provides access to beta software and advanced app capabilities (e.g., CloudKit ® , HealthKit™ and Apple Pay), the ability to test appsusing TestFlight ® ,  distribution  on  the  App  Store,  access  to  App  Analytics  and  code-level  technical  support.  Developer  programs  also  exist  for  businessescreating  apps  for  internal  use  (the  Apple  Developer  Enterprise  Program)  and  developers  creating  accessories  for  Apple  devices  (the  MFi  Program).  Alldevelopers, even those who are not developer program members, can sign in with their Apple ID to post on the Apple Developer Forums and use Xcode ® , theCompany’s  integrated  development  environment  for  creating  apps  for  Apple  platforms.  Xcode  includes  project  management  tools;  analysis  tools  to  collect,display  and  compare  app  performance  data;  simulation  tools  to  locally  run,  test  and  debug  apps;']","The App Store is used for purchasing and playing digital content and apps, specifically mentioned in the context of iPod touch.",Compliance Officer,PERFECT_GRAMMAR,SHORT,single_hop_specific_query_synthesizer
How does the Company's Markets and Distribution strategy align with its SEC filing requirements and customer segmentation?,"['platforms.  Xcode  includes  project  management  tools;  analysis  tools  to  collect,display  and  compare  app  performance  data;  simulation  tools  to  locally  run,  test  and  debug  apps;  and  tools  to  simplify  the  design  and  development  of  userinterfaces. All developers also have access to extensive technical documentation and sample code.Markets and DistributionThe Company’s customers are primarily in the consumer, small and mid-sized business, education, enterprise and government markets. The Company sells itsproducts and resells third-party products in most of its major markets directly to consumers and small and mid-sized businesses through its retail and onlinestores and its direct sales force. The Company also employs a variety of indirect distribution channels, such as third-party cellular network carriers, wholesalers,retailers and value-added resellers. During 2016 , the Company’s net sales through its direct and indirect distribution channels accounted for 25% and 75%,respectively, of total net sales.The Company believes that sales of its innovative and differentiated products are enhanced by knowledgeable salespersons who can convey the value of thehardware  and  software  integration  and  demonstrate  the  unique  solutions  that  are  available  on  its  products.  The  Company  further  believes  providing  directcontact with its targeted customers is an effective way to demonstrate the advantages of its products over those of its']","The Company's Markets and Distribution strategy involves selling products and reselling third-party products directly to consumers and small and mid-sized businesses through retail and online stores and a direct sales force, as well as through indirect channels like third-party cellular network carriers, wholesalers, retailers, and value-added resellers. In 2016, direct channels accounted for 25% of net sales and indirect channels for 75%. This strategy targets customers in consumer, small and mid-sized business, education, enterprise, and government markets, aligning with the Company's SEC filing requirements by accurately reporting these distribution channel net sales percentages.",Compliance Officer,WEB_SEARCH_LIKE,LONG,single_hop_specific_query_synthesizer
How does the company improve its distribution capabilities to ensure a high-quality buying experience?,"['on  its  products.  The  Company  further  believes  providing  directcontact with its targeted customers is an effective way to demonstrate the advantages of its products over those of its competitors and providing a high-qualitysales and after-sales support experience is critical to attracting new and retaining existing customers.To ensure a high-quality buying experience for its products in which service and education are emphasized, the Company continues to build and improve itsdistribution capabilities by expanding the number of its own retail stores worldwide. The Company’s retail stores are typically located at high-traffic locations inquality  shopping  malls  and  urban  shopping  districts.  By  operating  its  own  stores  and  locating  them  in  desirable  high-traffic  locations  the  Company  is  betterpositioned to ensure a high quality customer buying experience and attract new customers. The stores are designed to simplify and enhance the presentationand  marketing  of  the  Company’s  products  and  related  solutions.  The  retail  stores  employ  experienced  and  knowledgeable  personnel  who  provide  productadvice, service and training and offer a wide selection of third-party hardware, software and other accessories that complement the Company’s products.The  Company  has  also  invested  in  programs  to  enhance  reseller  sales  by  placing  high-quality  Apple  fixtures,  merchandising  materials  and  other  resourceswithin selected third-party']","The company continues to build and improve its distribution capabilities by expanding the number of its own retail stores worldwide, which are typically located in high-traffic locations such as quality shopping malls and urban shopping districts. It has also invested in programs to enhance reseller sales by placing high-quality Apple fixtures, merchandising materials, and other resources within selected third-party locations.",Investment Analyst,PERFECT_GRAMMAR,MEDIUM,single_hop_specific_query_synthesizer
What is the purpose of the Apple Premium Reseller Program?,"['Company  has  also  invested  in  programs  to  enhance  reseller  sales  by  placing  high-quality  Apple  fixtures,  merchandising  materials  and  other  resourceswithin selected third-party reseller locations. Through the Apple Premium Reseller Program, certain third-party resellers focus on the Apple platform by providinga high level of product expertise, integration and support services.The Company is committed to delivering solutions to help educators teach and students learn. The Company believes effective integration of technology intoclassroom instruction can result in higher levels of student achievement and has designed a range of products, services and programs to address the needs ofeducation customers. The Company also supports mobile learning and real-time distribution of, and access to, education related materials through iTunes U, aplatform that allows students and teachers to share and distribute educational media online. The Company sells its products to the education market through itsdirect sales force, select third-party resellers and its retail and online stores.The  Company  also  sells  its  hardware  and  software  products  to  enterprise  and  government  customers  in  each  of  its  reportable  operating  segments.  TheCompany’s  products  are  deployed  in  these  markets  because  of  their  performance,  productivity,  ease  of  use  and  seamless  integration  into  informationtechnology environments. The Company’s products are compatible']","The Apple Premium Reseller Program enables certain third-party resellers to focus on the Apple platform by providing a high level of product expertise, integration, and support services.",Investment Analyst,PERFECT_GRAMMAR,SHORT,single_hop_specific_query_synthesizer
"Could you provide a detailed explanation of the factors that contributed to Apple's product performance in the markets, and specify any concentration of customer sales during 2015?","['in  these  markets  because  of  their  performance,  productivity,  ease  of  use  and  seamless  integration  into  informationtechnology environments. The Company’s products are compatible with thousands of third-party business applications and services, and its tools enable thedevelopment and secure deployment of custom applications as well as remote device administration.No single customer accounted for more than 10% of net sales in 2016 , 2015 and 2014 .Apple Inc. | 2016 Form 10-K | 4']","In the markets, Apple's products were favored due to their performance, productivity, ease of use, and seamless integration into information technology environments. Additionally, the products are compatible with thousands of third-party business applications and services, and the company's tools enable the development and secure deployment of custom applications as well as remote device administration. Regarding customer concentration, no single customer accounted for more than 10% of net sales in 2015, as well as in 2016 and 2014.",Investment Analyst,PERFECT_GRAMMAR,LONG,single_hop_specific_query_synthesizer
How could competitive pressures from competitors using other operating systems affect Apple's financial performance?,"['The  markets  for  the  Company’s  products  and  services  are  highly  competitive  and  the  Company  is  confronted  by  aggressive  competition  in  all  areas  of  itsbusiness. These markets are characterized by frequent product introductions and rapid technological advances that have substantially increased the capabilitiesand use of mobile communication and media devices, personal computers and other digital electronic devices. The Company’s competitors that sell mobiledevices and personal computers based on other operating systems have aggressively cut prices and lowered their product margins to gain or maintain marketshare.  The  Company’s  financial  condition  and  operating  results  can  be  adversely  affected  by  these  and  other  industry-wide  downward  pressures  on  grossmargins. Principal competitive factors important to the Company include price, product features (including security features), relative price and performance,product  quality  and reliability, design  innovation,  a strong  third-party  software  and  accessories ecosystem,  marketing  and  distribution  capability,  service andsupport and corporate reputation.The Company is focused on expanding its market opportunities related to personal computers and mobile communication and media devices. These marketsare  highly  competitive  and  include  many  large,  well-funded  and  experienced  participants.  The  Company  expects  competition  in  these  markets  to  intensifysignificantly']","Competitors selling mobile devices and personal computers based on other operating systems have aggressively cut prices and lowered product margins, which can adversely affect Apple's financial condition and operating results due to industry-wide downward pressures on gross margins.",Investment Analyst,PERFECT_GRAMMAR,MEDIUM,single_hop_specific_query_synthesizer
What is the role of internet services in the compnay's competitive strategy?,"['These marketsare  highly  competitive  and  include  many  large,  well-funded  and  experienced  participants.  The  Company  expects  competition  in  these  markets  to  intensifysignificantly  as  competitors  attempt  to  imitate  some  of  the  features  of  the  Company’s  products  and  applications  within  their  own  products  or,  alternatively,collaborate with each other to offer solutions that are more competitive than those they currently offer. These markets are characterized by aggressive pricingpractices,  frequent  product  introductions,  evolving  design  approaches  and  technologies,  rapid  adoption  of  technological  and  product  advancements  bycompetitors and price sensitivity on the part of consumers and businesses.The Company’s digital content services have faced significant competition from other companies promoting their own digital music and content products andservices, including those offering free peer-to-peer music and video services.The Company’s future financial condition and operating results depend on the Company’s ability to continue to develop and offer new innovative products andservices in each of the markets in which it competes. The Company believes it offers superior innovation and integration of the entire solution including thehardware (iOS devices, Mac, Apple Watch and Apple TV), software (iOS, macOS, watchOS and tvOS), online services and distribution of digital content andapplications (Internet Services). Some of the']","Internet Services includes online services and distribution of digital content and applications, and the Company believes it offers superior innovation and integration of the entire solution including hardware, software, online services, and distribution of digital content and applications.",Investor Relations Analyst,MISSPELLED,MEDIUM,single_hop_specific_query_synthesizer
What is the Company's business focus?,"['thehardware (iOS devices, Mac, Apple Watch and Apple TV), software (iOS, macOS, watchOS and tvOS), online services and distribution of digital content andapplications (Internet Services). Some of the Company’s current and potential competitors have substantial resources and may be able to provide such productsand services at little or no profit or even at a loss to compete with the Company’s offerings.Supply of ComponentsAlthough most components essential to the Company’s business are generally available from multiple sources, a number of components are currently obtainedfrom single or limited sources. In addition, the Company competes for various components with other participants in the markets for mobile communication andmedia devices and personal computers. Therefore, many components used by the Company, including those that are available from multiple sources, are attimes subject to industry-wide shortage and significant pricing fluctuations that could materially adversely affect the Company’s financial condition and operatingresults.The Company uses some custom components that are not commonly used by its competitors, and the Company often utilizes custom components availablefrom only one source. When a component or product uses new technologies, initial capacity constraints may exist until the suppliers’ yields have matured ormanufacturing capacity has increased. If the Company’s supply of components were delayed or constrained, or if an outsourcing partner delayed']","The Company's business focuses on hardware (iOS devices, Mac, Apple Watch and Apple TV), software (iOS, macOS, watchOS and tvOS), online services, and distribution of digital content and applications (Internet Services).",Compliance Officer,PERFECT_GRAMMAR,SHORT,single_hop_specific_query_synthesizer
whats the deal with the U.S. manufacturing in the context?,"['may exist until the suppliers’ yields have matured ormanufacturing capacity has increased. If the Company’s supply of components were delayed or constrained, or if an outsourcing partner delayed shipments ofcompleted products to the Company, the Company’s financial condition and operating results could be materially adversely affected. The Company’s businessand financial performance could also be materially adversely affected depending on the time required to obtain sufficient quantities from the original source, or toidentify and obtain sufficient quantities from an alternative source. Continued availability of these components at acceptable prices, or at all, may be affected ifthose suppliers concentrated on the production of common components instead of components customized to meet the Company’s requirements.The Company has entered into agreements for the supply of many components; however, there can be no guarantee that the Company will be able to extend orrenew these agreements on similar terms, or at all. Therefore, the Company remains subject to significant risks of supply shortages and price increases thatcould materially adversely affect its financial condition and operating results.While some  Mac computers  are  manufactured  in the  U.S.  and  Ireland,  substantially  all  of  the  Company’s  hardware  products  are  currently  manufactured  byoutsourcing partners that are located primarily in Asia. A significant concentration of this manufacturing is currently']","The context says while some Mac computers are manufactured in the U.S. and Ireland, substantially all of the Company's hardware products are currently manufactured by outsourcing partners located primarily in Asia.",Investment Analyst,POOR_GRAMMAR,MEDIUM,single_hop_specific_query_synthesizer
Where are Apple's hardware products manufactured?,"['all  of  the  Company’s  hardware  products  are  currently  manufactured  byoutsourcing partners that are located primarily in Asia. A significant concentration of this manufacturing is currently performed by a small number of outsourcingpartners,  often  in  single  locations.  Certain  of  these  outsourcing  partners  are  the  sole-sourced  suppliers  of  components  and  manufacturers  for  many  of  theCompany’s products. Although the Company works closely with its outsourcing partners on manufacturing schedules, the Company’s operating results could beadversely affected if its outsourcing partners were unable to meet their production commitments. The Company’s manufacturing purchase obligations typicallycover its requirements for periods up to 150 days.Apple Inc. | 2016 Form 10-K | 5']",All of the Company’s hardware products are currently manufactured by outsourcing partners that are located primarily in Asia.,Compliance Officer,WEB_SEARCH_LIKE,SHORT,single_hop_specific_query_synthesizer
What is the role of Research and Development in the context of SEC filings?,['Research and Development'],Research and Development,Compliance Officer,PERFECT_GRAMMAR,SHORT,single_hop_specific_query_synthesizer
How does the Company ensure competitiveness?,"['Because  the  industries  in  which  the  Company  competes  are  characterized  by  rapid  technological  advances,  the  Company’s  ability  to  compete  successfullydepends heavily upon its ability to ensure a continual and timely flow of competitive products, services and technologies to the marketplace. The Companycontinues  to  develop  new  technologies  to  enhance  existing  products  and  to  expand  the  range  of  its  product  offerings  through  R&D,  licensing  of  intellectualproperty and acquisition of third-party businesses and technology. Total R&D expense was $ 10.0 billion , $ 8.1 billion and $ 6.0 billion in 2016 , 2015 and 2014 ,respectively.Patents, Trademarks, Copyrights and LicensesThe  Company  currently  holds  rights  to  patents  and  copyrights  relating  to  certain  aspects  of  its  hardware  devices,  accessories,  software  and  services.  TheCompany has registered or has applied for trademarks and service marks in the U.S. and a number of foreign countries. Although the Company believes theownership of such patents, copyrights, trademarks and service marks is an important factor in its business and that its success does depend in part on suchownership, the Company relies primarily on the innovative skills, technical competence and marketing abilities of its personnel.The Company regularly files patent applications to protect innovations arising from its research, development and design, and is currently pursuing thousands ofpatent']","The Company relies on continual flow of competitive products, services, and technologies, developed through R&D, licensing, and acquisitions, with total R&D expense of $10.0 billion in 2016.",Compliance Officer,WEB_SEARCH_LIKE,SHORT,single_hop_specific_query_synthesizer
Does the company rely on third parties for intellectual property?,"['abilities of its personnel.The Company regularly files patent applications to protect innovations arising from its research, development and design, and is currently pursuing thousands ofpatent  applications  around  the  world.  Over  time,  the  Company  has  accumulated  a  large  portfolio  of  issued  patents  around  the  world.  The  Company  holdscopyrights relating to certain aspects of its products and services. No single patent or copyright is solely responsible for protecting the Company’s products. TheCompany believes the duration of its patents is adequate relative to the expected lives of its products.Many of the Company’s products are designed to include intellectual property obtained from third parties. It may be necessary in the future to seek or renewlicenses  relating  to  various  aspects  of  its  products,  processes  and  services.  While  the  Company  has  generally  been  able  to  obtain  such  licenses  oncommercially reasonable terms in the past, there is no guarantee that such licenses could be obtained in the future on reasonable terms or at all. Because oftechnological changes in the industries in which the Company competes, current extensive patent coverage and the rapid rate of issuance of new patents, it ispossible that certain components of the Company’s products, processes and services may unknowingly infringe existing patents or intellectual property rights ofothers. From time to time, the Company has been notified that it may be']",Many of the Company's products are designed to include intellectual property obtained from third parties.,Investor Relations Analyst,WEB_SEARCH_LIKE,SHORT,single_hop_specific_query_synthesizer
what waz the split of domestic and intl net sales in 2016?,"['of the Company’s products, processes and services may unknowingly infringe existing patents or intellectual property rights ofothers. From time to time, the Company has been notified that it may be infringing certain patents or other intellectual property rights of third parties.Foreign and Domestic Operations and Geographic DataDuring 2016 , the Company’s domestic and international net sales accounted for 35% and 65%, respectively, of total net sales. Information regarding financialdata by geographic segment is set forth in Part II, Item 7 of this Form 10-K under the subheading “Segment Operating Performance,” and in Part II, Item 8 of thisForm 10-K in the Notes to Consolidated Financial Statements in Note 11, “Segment Information and Geographic Data.”While some  Mac computers  are  manufactured  in the  U.S.  and  Ireland,  substantially  all  of  the  Company’s  hardware  products  are  currently  manufactured  byoutsourcing  partners  that  are  located  primarily  in  Asia.  The  supply  and  manufacture  of  a  number  of  components  is  performed  by  sole-sourced  outsourcingpartners  in the U.S., Asia and Europe.  Margins  on sales of  the Company’s products  in foreign  countries  and on sales of products  that  include componentsobtained from foreign suppliers, can be adversely affected by foreign currency exchange rate fluctuations and by international trade regulations, including tariffsand antidumping penalties. Information regarding concentration in the']","In 2016, the Company's domestic net sales accounted for 35% and international net sales accounted for 65% of total net sales.",Investor Relations Analyst,MISSPELLED,MEDIUM,single_hop_specific_query_synthesizer
what info bout concentration in sources of supply is in Notes to Consolidated Financial Statements?,"['can be adversely affected by foreign currency exchange rate fluctuations and by international trade regulations, including tariffsand antidumping penalties. Information regarding concentration in the available sources of supply of materials and products is set forth in Part II, Item 8 of thisForm 10-K in the Notes to Consolidated Financial Statements in Note 10, “Commitments and Contingencies.”Business Seasonality and Product IntroductionsThe  Company  has  historically  experienced  higher  net  sales  in  its  first  quarter  compared  to  other  quarters  in  its  fiscal  year  due  in  part  to  seasonal  holidaydemand. Additionally, new product introductions can significantly impact net sales, product costs and operating expenses. Product introductions can also impactthe Company’s net sales to its indirect distribution channels as these channels are filled with new product inventory following a product introduction, and often,channel inventory of a particular product declines as the next related major product launch approaches. Net sales can also be affected when consumers anddistributors anticipate a product introduction. However, neither historical seasonal patterns nor historical patterns of product introductions should be consideredreliable indicators of the Company’s future pattern of product introductions, future net sales or financial performance.WarrantyThe  Company  offers  a  limited  parts  and  labor  warranty  on  most  of  its  hardware  products.  The']","Information regarding concentration in the available sources of supply of materials and products is set forth in Part II, Item 8 of the Form 10-K in the Notes to Consolidated Financial Statements in Note 10, ""Commitments and Contingencies.""",Investment Analyst,POOR_GRAMMAR,SHORT,single_hop_specific_query_synthesizer
what warranty Apple Inc. give on their hardware products and how long it last and can people buy extra coverage?,"['future pattern of product introductions, future net sales or financial performance.WarrantyThe  Company  offers  a  limited  parts  and  labor  warranty  on  most  of  its  hardware  products.  The  basic  warranty  period  is  typically  one  year  from  the  date  ofpurchase by the original end-user. The Company also offers a 90-day basic warranty for its service parts used to repair the Company’s hardware products. Incertain jurisdictions, local law requires that manufacturers guarantee their products for a period prescribed by statute, typically at least two years. In addition,where available, consumers may purchase APP or AC+, which extends service coverage on many of the Company’s hardware products.Apple Inc. | 2016 Form 10-K | 6']","The Company offers a limited parts and labor warranty on most of its hardware products. The basic warranty period is typically one year from the date of purchase by the original end-user. The Company also offers a 90-day basic warranty for its service parts used to repair the Company’s hardware products. In certain jurisdictions, local law requires that manufacturers guarantee their products for a period prescribed by statute, typically at least two years. In addition, where available, consumers may purchase APP or AC+, which extends service coverage on many of the Company’s hardware products.",Investor Relations Analyst,POOR_GRAMMAR,LONG,single_hop_specific_query_synthesizer
Can you tell me about the availabilty of the Company's Form 10-Q?,"['In the Company’s experience, the actual amount of product backlog at any particular time is not a meaningful indication of its future business prospects. Inparticular, backlog often increases immediately following new product introductions as customers anticipate shortages. Backlog is often reduced once customersbelieve they can obtain sufficient supply. Because of the foregoing, backlog should not be considered a reliable indicator of the Company’s ability to achieve anyparticular level of revenue or financial performance.EmployeesAs of September 24, 2016 , the Company had  approximately 116,000 full-time equivalent employees.Available InformationThe Company’s Annual Report on Form 10-K, Quarterly Reports on Form 10-Q, Current Reports on Form 8-K, and amendments to reports filed pursuant toSections 13(a) and 15(d) of the Securities Exchange Act of 1934, as amended (the “Exchange Act”), are filed with the Securities and Exchange Commission (the“SEC”). The Company is subject to the informational requirements of the Exchange Act and files or furnishes reports, proxy statements and other informationwith  the  SEC.  Such  reports  and  other  information  filed  by  the  Company  with  the  SEC  are  available  free  of  charge  on  the  Company’s  website  atinvestor.apple.com/sec.cfm when  such reports are available on the SEC’s website. The public may read and copy any materials filed by the Company with theSEC at the SEC’s Public Reference Room at 100 F Street, NE, Room']",The Company's Quarterly Reports on Form 10-Q are filed with the Securities and Exchange Commission (the “SEC”). These reports are available free of charge on the Company’s website at investor.apple.com/sec.cfm when such reports are available on the SEC’s website.,Investment Analyst,MISSPELLED,MEDIUM,single_hop_specific_query_synthesizer
where the Public Reference Room at?,"['when  such reports are available on the SEC’s website. The public may read and copy any materials filed by the Company with theSEC at the SEC’s Public Reference Room at 100 F Street, NE, Room 1580, Washington, DC 20549. The public may obtain information on the operation of thePublic Reference Room by calling the SEC at 1-800-SEC-0330. The SEC maintains an internet site that contains reports, proxy and information statements andother information regarding issuers that file electronically with the SEC at www.sec.gov . The contents of these websites are not incorporated into this filing.Further, the Company’s references to website URLs are intended to be inactive textual references only.Apple Inc. | 2016 Form 10-K | 7']","The SEC's Public Reference Room is at 100 F Street, NE, Room 1580, Washington, DC 20549.",Investor Relations Analyst,POOR_GRAMMAR,SHORT,single_hop_specific_query_synthesizer
"Where are the Company's consolidated financial statements and related notes located within this Form 10-K, and what should be read in conjunction with them?","['Risk FactorsThe following discussion of risk factors contains forward-looking statements. These risk factors may be important to understanding other statements in this Form10-K. The following information should be read in conjunction with Part II, Item 7, “Management’s Discussion and Analysis of Financial Condition and Results ofOperations” and the consolidated financial statements and related notes in Part II, Item 8, “Financial Statements and Supplementary Data” of this Form 10-K.The business, financial condition and operating results of the Company can be affected by a number of factors, whether currently known or unknown, includingbut not limited to those described below, any one or more of which could, directly or indirectly, cause the Company’s actual financial condition and operatingresults to vary materially from past, or from anticipated future, financial condition and operating results. Any of these factors, in whole or in part, could materiallyand adversely affect the Company’s business, financial condition, operating results and stock price.Because of the following factors, as well as other factors affecting the Company’s financial condition and operating results, past financial performance should notbe considered to be a reliable indicator of future performance, and investors should not use historical trends to anticipate results or trends in future periods.Global and regional economic conditions could materially adversely affect the Company.The Company’s']","The consolidated financial statements and related notes are located in Part II, Item 8, 'Financial Statements and Supplementary Data' of this Form 10-K. This section should be read in conjunction with Part II, Item 7, 'Management’s Discussion and Analysis of Financial Condition and Results of Operations'.",Compliance Officer,PERFECT_GRAMMAR,MEDIUM,single_hop_specific_query_synthesizer
What factors related to fuel costs could affect demand for the Company's products and services?,"['and investors should not use historical trends to anticipate results or trends in future periods.Global and regional economic conditions could materially adversely affect the Company.The Company’s operations and performance depend significantly on global and regional economic conditions. Uncertainty about global and regional economicconditions poses a risk as consumers and businesses may postpone spending in response to tighter credit, higher unemployment, financial market volatility,government  austerity  programs,  negative  financial  news,  declines  in  income  or  asset  values  and/or  other  factors.  These  worldwide  and  regional  economicconditions could have a material adverse effect on demand for the Company’s products and services. Demand also could differ materially from the Company’sexpectations as a result of currency fluctuations because the Company generally raises prices on goods and services sold outside the U.S. to correspond withthe effect of a strengthening of the U.S. dollar. Other factors that could influence worldwide or regional demand include changes in fuel and other energy costs,conditions  in  the  real  estate  and  mortgage  markets,  unemployment,  labor  and  healthcare  costs,  access  to  credit,  consumer  confidence  and  othermacroeconomic factors affecting consumer spending behavior. These and other economic factors could materially adversely affect demand for the Company’sproducts and services.In  the  event  of  financial  turmoil']","Changes in fuel and other energy costs are among the factors that could influence worldwide or regional demand, potentially affecting demand for the Company's products and services.",Investor Relations Analyst,PERFECT_GRAMMAR,MEDIUM,single_hop_specific_query_synthesizer
hw do credit markets effect Apple?,"['factors affecting consumer spending behavior. These and other economic factors could materially adversely affect demand for the Company’sproducts and services.In  the  event  of  financial  turmoil  affecting  the  banking  system  and  financial  markets,  additional  consolidation  of  the  financial  services  industry,  or  significantfinancial service institution failures, there could be tightening in the credit markets, low liquidity and extreme volatility in fixed income, credit, currency and equitymarkets. This could have a number of effects on the Company’s business, including the insolvency or financial instability of outsourcing partners or suppliers ortheir inability to obtain credit to finance development and/or manufacture products resulting in product delays; inability of customers, including channel partners,to  obtain  credit  to  finance  purchases  of  the  Company’s  products;  failure  of  derivative  counterparties  and  other  financial  institutions;  and  restrictions  on  theCompany’s ability to issue new debt. Other income and expense also could vary materially from expectations depending on gains or losses realized on the saleor exchange of financial instruments; impairment charges resulting from revaluations of debt and equity securities and other investments; changes in interestrates; increases or decreases in cash balances; volatility in foreign exchange rates; and changes in fair value of derivative instruments. Increased volatility in']","Tightening in the credit markets could have several effects on Apple's business, including insolvency or financial instability of outsourcing partners or suppliers, or their inability to obtain credit to finance development and/or manufacture products resulting in product delays; inability of customers, including channel partners, to obtain credit to finance purchases of Apple's products; failure of derivative counterparties and other financial institutions; and restrictions on Apple's ability to issue new debt.",Investment Analyst,MISSPELLED,SHORT,single_hop_specific_query_synthesizer
Where can I find information about the Company's reportable operating segments and their management in the Form 10-K?,"['<1-hop>\n\nAlthough the reportable operating segments providesimilar hardware and software products and similar services, each one is managed separately to better align with the location of the Company’s customers anddistribution partners and the unique market dynamics of each geographic region. Further information regarding the Company’s reportable operating segmentsmay be found in Part II, Item 7 of this Form 10-K under the subheading “Segment Operating Performance,” and in Part II, Item 8 of this Form 10-K in the Notesto Consolidated Financial Statements in Note 11, “Segment Information and Geographic Data.”Apple Inc. | 2016 Form 10-K | 1']","Information about the Company's reportable operating segments and their management can be found in Part II, Item 7 under the subheading 'Segment Operating Performance,' and in Part II, Item 8 in Note 11, 'Segment Information and Geographic Data' of the Notes to Consolidated Financial Statements.",,,,multi_hop_specific_query_synthesizer
"So, like, when Apple’s internal control over financial reporting was audited as of September 24, 2022, and the report was dated October 27, 2022, what was the opinion on that internal control, and also what did they audit alongside it, you know, in terms of the financial statements and the dates, can you tell me all about it?","['<1-hop>\n\nReport of Independent Registered Public Accounting Firm\nTo the Shareholders and the Board of Directors of Apple Inc.\nOpinion on Internal Control Over Financial Reporting\nWe have audited Apple Inc.’s internal control over financial reporting as of September 24, 2022, based on criteria established in Internal Control – Integrated\nFramework issued by the Committee of Sponsoring Organizations of the Treadway Commission (2013 framework) (the “COSO criteria”). In our opinion, AppleInc. maintained, in all material respects, effective internal control over financial reporting as of September 24, 2022, based on the COSO criteria.\nWe also have audited, in accordance with the standards of the Public Company Accounting Oversight Board (United States) (the “PCAOB”), the consolidatedbalance sheets of Apple Inc. as of September 24, 2022 and September 25, 2021, the related consolidated statements of operations, comprehensive income,shareholders’ equity and cash flows for each of the three years in the period ended September 24, 2022, and the related notes and our report dated October 27,\n2022 expressed an unqualified opinion thereon.\nBasis for Opinion']","The report of the independent registered public accounting firm, dated October 27, 2022, stated that Apple Inc. maintained, in all material respects, effective internal control over financial reporting as of September 24, 2022, based on the COSO criteria. Additionally, in accordance with PCAOB standards, they audited the consolidated balance sheets as of September 24, 2022, and September 25, 2021, and the related consolidated statements of operations, comprehensive income, shareholders’ equity, and cash flows for each of the three years in the period ended September 24, 2022, and expressed an unqualified opinion on those financial statements.",,,,multi_hop_specific_query_synthesizer
when did Ernst & Young sign off on Apple's internal control framework?,"['<1-hop>\n\nControl\n–\nIntegrated\nFramework\nissued  by the Committee of SponsoringOrganizations of the Treadway Commission (2013 framework) and our report dated October 26, 2016 expressed an unqu alified opinion thereon.\xa0\xa0 /s/ Ernst & Young LLP San Jose, CaliforniaOctober 26, 2016Apple Inc. | 2016 Form 10-K | 70']","Ernst & Young LLP signed off on October 26, 2016, expressing an unqualified opinion on Apple's internal control over financial reporting based on the 2013 framework issued by the Committee of Sponsoring Organizations of the Treadway Commission.",,,,multi_hop_specific_query_synthesizer
"yo, how much commercial paper apple got out right now?","['<1-hop>\n\nThe Company also issues unsecured short-term promissory notes (“Commercial Paper”) pursuant to a commercial paper program. As of September 24, 2022,the Company had $10.0 billion of Commercial Paper outstanding, all of which was payable within 12 months.\nLeases\nThe Company has lease arrangements for certain equipment and facilities, including corporate, data center, manufacturing and retail space. As ofSeptember 24, 2022, the Company had fixed lease payment obligations of $15.3 billion, with $2.0 billion payable within 12 months.\nApple Inc. | 2022 Form 10-K | 24', '<2-hop>\n\neptember 25, 2021, are as follows (in millions):Operating LeasesFinance LeasesTotal 2022$ 1,629 $104 $1,733 20231,560 123 1,683 20241,499 99 1,598 20251,251 46 1,297 20261,061 26 1,087 Thereafter5,187 868 6,055 Total undiscounted liabilities12,187 1,266 13,453 Less: Imputed interest(1,232) (418) (1,650) Total lease liabilities$ 10,955 $848 $11,803 The weighted-average remaining lease term related to the Company’s lease liabilities as of September 25, 2021 and September 26, 2020 was 10.8 years and10.3 years, respectively.The discount rate related to the Company’s lease liabilities as of both September 25, 2021 and September 26, 2020 was 2.0%. The discount rates are generallybased on estimates of the Company’s incremental borrowing rate, as the discount rates implicit in the Company’s leases cannot be readily determined.As of September 25, 2021, the Company had $1.1 billion of future payments under additional leases, primarily for corporate facilities and retail space, that hadnot yet commenced. These leases will commence between 2022 and 2023, with lease terms ranging from 3 years to 20 years.Note 7 – DebtCommercial Paper and Repurchase AgreementsThe Company issues unsecured short-term promissory notes (“Commercial Paper”) pursuant to a commercial paper program. The Company uses net proceedsfrom the commercial paper program for general corporate purposes, including dividends and share repurchases. As of September 25, 2021 and September 26,2020,  the  Company  had  $6.0']","As of September 24, 2022, Apple had $10.0 billion of Commercial Paper outstanding, all payable within 12 months.",,,,multi_hop_specific_query_synthesizer
What is Regulation S-K and how is it related to Apple Inc.'s 2021 Form 10-K filing?,"['<1-hop>\n\nXBRL Document Set for the consolidated financial statements and accompanying notesin Part II, Item 8, “Financial Statements and Supplementary Data” of this Annual Report onForm 10-K.104**Inline  XBRL for the cover page of this Annual Report on Form 10-K, included in the Exhibit 101Inline XBRL Document Set.*Indicates management contract or compensatory plan or arrangement.**Filed herewith.***Furnished herewith.(1)Certain instruments defining the rights of holders of long-term debt securities of the Registrant are omitted pursuant to Item 601(b)(4)(iii) of Regulation S-K.The Registrant hereby undertakes to furnish to the SEC, upon request, copies of any such instruments.Item 16.    Form 10-K SummaryNone.Apple Inc. | 2021 Form 10-K | 59']","Regulation S-K is a regulation that outlines disclosure requirements for SEC filings, including the filing of certain instruments defining the rights of holders of long-term debt securities. In Apple Inc.'s 2021 Form 10-K, certain instruments are omitted pursuant to Item 601(b)(4)(iii) of Regulation S-K, and the company undertakes to furnish copies to the SEC upon request. This relates to the financial statements and supplementary data in Part II, Item 8 of the Form 10-K.",,,,multi_hop_specific_query_synthesizer
"What is the total amount utilized under the repurchase program announced on May 4, 2023, and how does it relate to the ASRs entered into in August 2023?","['<1-hop>\n\nrepurchase program announced on May 4, 2023, of which $15.9 billion had been utilized. During the fourth quarter of 2023, the Company also utilized the final\n$4.6 billion under its previous repurchase program, which was most recently authorized in April 2022. The programs do not obligate the Company to acquire a\nminimum amount of shares. Under the programs, shares may be repurchased in privately negotiated or open market transactions, including under planscomplying with Rule 10b5-1 under the Exchange Act.\n(2) In August 2023, the Company entered into new accelerated share repurchase agreements (“ASRs”). Under the terms of the ASRs, two financial institutions\ncommitted to deliver shares of the Company’s common stock during the purchase periods in exchange for up-front payments totaling $5.0 billion. The total\nnumber of shares ultimately delivered under the ASRs, and therefore the average repurchase price paid per share, is determined based on the volume-weighted\naverage price of the Company’s common stock during the ASRs’ purchase periods, which end in the first quarter of 2024.\n(1)\n(2) (2) (2)\nApple Inc. | 2023 Form 10-K | 18']","The total amount utilized under the repurchase program announced on May 4, 2023, was $15.9 billion. In August 2023, the Company entered into new accelerated share repurchase agreements (ASRs), committing two financial institutions to deliver shares in exchange for up-front payments totaling $5.0 billion. These ASRs are part of the total repurchase program, as they were entered into under the same overall authorization, and the $5.0 billion is included within the $15.9 billion utilized.",,,,multi_hop_specific_query_synthesizer
"What does Item 9 disclose regarding changes in and disagreements with accountants, and what did management conclude about the effectiveness of disclosure controls and procedures as of September 24, 2022?","['<1-hop>\n\nItem 9.    Changes in and Disagreements with Accountants on Accounting and Financial Disclosure\nNone.\nItem 9A.    Controls and Procedures\nEvaluation of Disclosure Controls and Procedures\nBased on an evaluation under the supervision and with the participation of the Company’s management, the Company’s principal executive officer and principalfinancial officer have concluded that the Company’s disclosure controls and procedures as defined in Rules 13a-15(e) and 15d-15(e) under the Exchange Act\nwere effective as of September 24, 2022 to provide reasonable assurance that information required to be disclosed by the Company in reports that it files orsubmits under the Exchange Act is (i) recorded, processed, summarized and reported within the time periods specified in the SEC rules and forms and(ii) accumulated and communicated to the Company’s management, including its principal executive officer and principal financial officer, as appropriate to allow\ntimely decisions regarding required disclosure.\nInherent Limitations over Internal Controls\nThe Company’s internal control over financial reporting is designed to provide reasonable assurance regarding the reliability of financial reporting and thepreparation of financial statements for external purposes in accordance with U.S. generally accepted accounting principles (“GAAP”). The Company’s internalcontrol over financial reporting includes those policies and procedures that:']","Item 9 states that there were no changes in or disagreements with accountants on accounting and financial disclosure. Additionally, management, including the principal executive officer and principal financial officer, concluded that the company's disclosure controls and procedures were effective as of September 24, 2022, to provide reasonable assurance that information required to be disclosed in SEC reports is recorded, processed, summarized, and reported within specified time periods and communicated to management for timely decisions.",,,,multi_hop_specific_query_synthesizer
"how can apple get rid of its duties for notes if them notes aint been given to trustee for cancel yet and when they due or gonna be due soon, plus what they gotta put in trust for that?","['<1-hop>\n\nof a covenant or provision of the applicable Indenture that cannot be modified or amended without the consent of the holder of each Note of that series.Upon any such waiver, such default will cease to exist, and any event of default arising therefrom will be deemed to have been cured, for every purpose of theIndenture; however, no such waiver will extend to any subsequent or other default or event of default or impair any rights consequent thereon.Discharge, Defeasance and Covenant DefeasanceWe may discharge certain obligations to holders of the Notes of a series that have not already been delivered to the trustee for cancellation and thateither have become due and payable or will become due and payable within one year (or scheduled for redemption within one year) by depositing with thetrustee, in trust, funds in U.S. dollars in an amount sufficient to pay the entire indebtedness including, but not limited to, the principal and premium, if any, andinterest to the date of such deposit (if due and payable) or to the maturity thereof or the redemption date of the Notes of that series, as the case may be. Wemay direct the trustee to invest such funds in U.S. Treasury securities with a maturity of one year or less or in a money market fund that invests solely in short-term U.S. Treasury securities.The Indentures provide that we may elect either (1) to defease and be discharged from any and all obligations with respect to the Notes of a series(except for, among other things,']","Apple can discharge its obligations for notes of a series if those notes haven't already been delivered to the trustee for cancellation and are either due and payable or will become due within one year (or scheduled for redemption within one year). To do this, they must deposit with the trustee, in trust, an amount of U.S. dollars sufficient to pay the entire indebtedness, including principal, premium (if any), and interest up to the deposit date (if due) or to maturity/redemption date. The trustee can invest that money in U.S. Treasury securities with a maturity of one year or less or in a money market fund investing solely in short-term U.S. Treasury securities.",,,,multi_hop_specific_query_synthesizer
wht is note 5 about in the context of tax and eanings per share?,"['<1-hop>\n\nThe Company records a valuation allowance to reduce deferred tax assets to the amountthat is believed more likely than not to be realized.The Company recognizes the tax benefit from an uncertain tax position only if it is more likely than not the tax position will be sustained on examination by thetaxing authorities, based on the technical merits of the position. The tax benefits recognized in the financial statements from such positions are then measuredbased on the largest benefit that has a greater than 50% likelihood of being realized upon settlement. See Note 5, “Income Taxes” for additional information.Earnings Per ShareBasic  earnings  per  share  is  computed  by  dividing  income  available  to  common  shareholders  by  the  weighted-average  number  of  shares  of  common  stockoutstanding during the period. Diluted earnings per share is computed by dividing income available to common shareholders by the weighted-average number ofshares of common stock outstanding during the period increased to include the number of additional shares of common stock that would have been outstandingif the potentially dilutive securities had been issued. Potentially dilutive securities include unvested RSUs, unvested restricted stock, outstanding stock optionsand shares to be purchased by employees under the Company’s employee stock purchase plan. The dilutive effect of potentially dilutive securities is reflected indiluted earnings per share by application of the treasury stock']","Note 5, titled ""Income Taxes,"" provides additional information about the Company's accounting for income taxes, including the valuation allowance, uncertain tax positions, and the recognition and measurement of tax benefits. It also relates to the discussion of earnings per share, which includes the computation of basic and diluted earnings per share, with the dilutive effects of potentially dilutive securities like unvested RSUs, restricted stock, outstanding stock options, and the employee stock purchase plan.",,,,multi_hop_specific_query_synthesizer
"What financial reporting requirements and regulatory implications must a Compliance Officer consider regarding the treatment of cash flow hedges, as evidenced by the gains and losses reclassified from AOCI into net income for foreign exchange and interest rate contracts in the provided financial statement excerpt?","['<1-hop>\n\ninvestment hedges:\xa0 \xa0 \xa0\xa0 \xa0Foreign exchange contracts$ — \xa0$— \xa0$167 Foreign currency debt67 \xa0(258 )\xa0(71 )Total$ 67 $(258)$96 \xa0\xa0 \xa0 \xa0\xa0 \xa0Gains/(Losses) reclassified from AOCI into net income – effective portion:\xa0 \xa0 \xa0\xa0 \xa0Cash flow hedges:\xa0 \xa0 \xa0\xa0 \xa0Foreign exchange contracts$ 1,958\xa0$885 \xa0$4,092Interest rate contracts(2 )\xa0(11 )\xa0(17 )Total$ 1,956$874 $4,075\xa0\xa0 \xa0 \xa0\xa0 \xa0Gains/(Losses) on derivative instruments:\xa0 \xa0 \xa0\xa0 \xa0Fair value hedges:\xa0 \xa0 \xa0\xa0 \xa0Interest rate contracts$ (810)\xa0$341 \xa0$337 \xa0\xa0 \xa0 \xa0\xa0 \xa0Gains/(Losses) related to hedged items:\xa0 \xa0 \xa0\xa0 \xa0Fair value hedges:\xa0 \xa0 \xa0\xa0 \xa0Fixed-rate debt$ 810 \xa0$(341)\xa0$(337)Apple Inc. | 2017 Form 10-K | 52']","In the provided context, cash flow hedges are disclosed with gains and losses reclassified from AOCI into net income. For foreign exchange contracts, the effective portion resulted in gains of $1,958 thousand, $885 thousand, and $4,092 thousand across the three periods shown. For interest rate contracts, the effective portion resulted in losses of $(2) thousand, $(11) thousand, and $(17) thousand. Total cash flow hedge gains and losses reclassified from AOCI were $1,956 thousand, $874 thousand, and $4,075 thousand. A Compliance Officer must ensure these amounts are accurately reported in the financial statements, properly disclosed in the notes to the financial statements, and reflected in the appropriate sections of the SEC filings, such as the 10-K, to comply with SEC requirements regarding derivative instruments and hedging activities.",,,,multi_hop_specific_query_synthesizer
"How do the provisions regarding the handling of forfeited or terminated Stock Grants and Restricted Stock Unit Awards, as described in the first context segment, interact with the adjustment requirements for Performance Goals in the second context segment, and what broader implications might this have for a Compliance Officer ensuring the company meets SEC filing requirements?","['<1-hop>\n\nthe total number of Shares subject to SARs that are exercised and settled in Shares, and the totalnumber of Shares subject to Options that are exercised, shall be counted in full on a one-for-one basis against the number of Shares available forissuance under the Plan, regardless of the number of Shares actually issued upon settlement of the SARs or Options. If Awards are settled in cash,the Shares that would have been delivered had there been no cash settlement shall not be counted against the Shares available for issuance underthe Plan. Except as provided in the next sentence, Shares that are subject to Awards that are forfeited, are terminated, fail to vest or for any otherreason are not paid or delivered, shall again become available for Awards under the Plan; provided that any one (1) Share issued pursuant to aStock  Grant  or subject  to  a Restricted  Stock  Unit Award (including  Shares  subject  to  stock-settled  dividend equivalent  rights)  that  is  forfeited  orterminated shall be credited as two (2) Shares when determining the number of Shares that shall again become available for Awards under the Planif upon9', '<2-hop>\n\nby the Plan and the then-outstanding Awards.Unless otherwise expressly provided in the applicable Award Agreement, upon (or, as may be necessary to effect the adjustment, immediately priorto) any event or transaction described in the preceding paragraph or a sale of all or substantially all of the business or assets of the Company as anentirety,  the  Company  shall  equitably  and  proportionately  adjust  the  Performance  Goals  applicable  to  any  then-outstanding  performance-basedAwards to the extent necessary to preserve (but not increase) the level of incentives intended by the Plan and the then-outstanding performance-based Awards.It is intended that, unless otherwise determined by the Committee, any adjustments contemplated by the preceding two paragraphs be made in amanner that satisfies applicable legal, tax (including, without limitation and as applicable in the circumstances, Code Sections 424 409A and 162(m))and accounting (so as to not trigger any charge to earnings with respect to such adjustment) requirements.Without  limiting  the  generality  of  Section  3,  any  good  faith  determination  by  the  Committee  as  to  whether  an  adjustment  is  required  in  thecircumstances pursuant to this Section 11(a), and the extent and nature of any such adjustment, shall be conclusive and binding on all persons.(b)    Participant Rights. Except as provided in this Section 11, a Participant shall have no rights by reason of any issue by the Company of stock']","The first context segment outlines that if Stock Grants or Restricted Stock Unit Awards are forfeited or terminated, the number of Shares available for future awards is affected, with each forfeited or terminated share under these award types being credited as two Shares. This reflects that such awards have already counted against the share reserve when issued. The second context segment mandates that upon certain corporate events, the Company must equitably adjust Performance Goals for outstanding performance-based awards to preserve (but not increase) incentive levels, and such adjustments must comply with legal, tax, and accounting requirements. For a Compliance Officer, this interplay means ensuring that any share counting after forfeitures is correctly tracked, and that any adjustments to Performance Goals are properly documented and disclosed in SEC filings to demonstrate compliance with regulatory requirements.",,,,multi_hop_specific_query_synthesizer
so like what is the $41.3 billion and how it relates to apple's cash and stuff,"['<1-hop>\n\ncompensation and foreign-derived intangible income deductions.\nThe Company’s effective tax rate for 2022 was higher compared to 2021 due primarily to a higher effective tax rate on foreign earnings, including the impact to\nU.S. foreign tax credits as a result of regulatory guidance issued by the U.S. Department of the Treasury in 2022, and lower tax benefits from foreign-derivedintangible income deductions and share-based compensation.\nLiquidity and Capital Resources\nThe Company believes its balances of cash, cash equivalents and unrestricted marketable securities, which totaled $156.4 billion as of September 24, 2022,along with cash generated by ongoing operations and continued access to debt markets, will be sufficient to satisfy its cash requirements and capital return\nprogram over the next 12 months and beyond.\nThe Company’s material cash requirements include the following contractual obligations.\nDebt\nAs of September 24, 2022, the Company had outstanding fixed-rate notes with varying maturities for an aggregate principal amount of $111.8 billion (collectivelythe “Notes”), with $11.1 billion payable within 12 months. Future interest payments associated with the Notes total $41.3 billion, with $2.9 billion payable within12 months.']","The $41.3 billion is the total future interest payments associated with Apple's outstanding fixed-rate notes, which have an aggregate principal amount of $111.8 billion as of September 24, 2022. This amount is part of Apple's material cash requirements, and the company believes its cash, cash equivalents, and unrestricted marketable securities totaling $156.4 billion, along with ongoing operations and debt market access, will be sufficient to cover such obligations over the next 12 months and beyond.",,,,multi_hop_specific_query_synthesizer
"What did the auditor say on October 28, 2021 about Apple Inc.'s financial statements, and where did they sign off?","['<1-hop>\n\nAccounting FirmTo the Shareholders and the Board of Directors of Apple Inc.Opinion on the Financial StatementsWe have audited the accompanying consolidated balance sheets of Apple Inc. as of September 25, 2021 and September 26, 2020, the related consolidatedstatements of operations, comprehensive income, shareholders’ equity and cash flows for each of the three years in the period ended September 25, 2021, andthe related notes (collectively referred to as the “financial statements”). In our opinion, the financial statements present fairly, in all material respects, the financialposition of Apple Inc. at September 25, 2021 and September 26, 2020, and the results of its operations and its cash flows for each of the three years in theperiod ended September 25, 2021, in conformity with U.S. generally accepted accounting principles.We also have audited, in accordance with the standards of the Public Company Accounting Oversight Board (United States) (the “PCAOB”), Apple Inc.’s internalcontrol over financial reporting as of September 25, 2021, based on criteria established in Internal  Control – Integrated Framework issued  by the Committee ofSponsoring Organizations of the Treadway Commission (2013 framework) and our report dated October 28, 2021 expressed an unqualified opinion thereon.Basis for OpinionThese financial statements are the responsibility of Apple Inc.’s management. Our responsibility is to express an opinion on Apple Inc.’s financial statementsbased on our audits.', '<2-hop>\n\nperiods are subject to the risk that controls may become inadequate because of changes in conditions, or that the degree of compliancewith the policies or procedures may deteriorate./s/ Ernst & Young LLPSan Jose, CaliforniaOctober 28, 2021Apple Inc. | 2021 Form 10-K | 54']","On October 28, 2021, the auditor expressed an unqualified opinion on Apple Inc.'s internal control over financial reporting as of September 25, 2021. They also signed off from San Jose, California, according to the report.",,,,multi_hop_specific_query_synthesizer
"Wht is the role of the Paying Agent in relation to Additional Amounts and withhlding taxes, and wht exceptions apply?","['<1-hop>\n\nthe failure of the holder or any other person to comply with certification, identification orinformation reporting requirements concerning the nationality, residence, identity or connection with the United States of the holder or beneficialowner of the Notes, if compliance is required by statute, by regulation of the United States or any taxing authority therein or by an applicableincome tax treaty to which the United States is a party as a precondition to exemption from such Tax (including, but not limited to, the requirementto provide Internal Revenue Service Forms W-8BEN, W-8BEN-E, W-8ECI, or any subsequent versions thereof or successor thereto, and anydocumentation requirement under an applicable income tax treaty);(4)to any Tax that is imposed otherwise than by withholding by the Company or a Paying Agent from the payment;(5)to any Tax that would not have been imposed but for a change in law, regulation, or administrative or judicial interpretation that becomes effectivemore than 10 days after the payment becomes due or is duly provided for, whichever occurs later;(6)to any estate, inheritance, gift, sales, excise, transfer, wealth, capital gains or personal property or similar Tax;(7)to any Tax required to be withheld by any paying agent from any payment of principal of or interest on any Note, if such payment can be madewithout such withholding by at least one other paying agent;(8)to any Tax that would not have been imposed but for the presentation by the holder of', '<2-hop>\n\nexchange rate published in The Wall Street Journal on or prior to the second Business Day prior to the relevant payment date. Any payment in respect of the3.050% 2029 Notes and the 2042 Notes so made in U.S. dollars will not constitute an event of default under such Notes or the 2013 Indenture.\nWith respect to the 3.050% 2029 Notes and the 2042 Notes, “Business Day” means any day which is not a day on which banking institutions in The City\nof New York or London or the relevant place of payment are authorized or required by law, regulation or executive order to close.\nPayment of Additional Amounts\nThe terms of the Notes state that all payments of principal and interest in respect of the Notes will be made free and clear of, and without deduction or\nwithholding for or on account of any present or future taxes, duties, assessments or other governmental charges of whatsoever nature required to be deductedor withheld by the United States or any political subdivision or taxing authority of or in the United States, unless such withholding or deduction is required by law.\nAll of the Notes also contain a covenant substantially similar to the following:\nThe Company will, subject to the exceptions and limitations set forth below, pay as additional interest on the Notes such additional amounts (“AdditionalAmounts”) as are necessary in order that the net payment by the Company or the paying agent of the Company for the applicable Notes (“Paying Agent”) of the']","The Paying Agent is responsible for making net payments on the Notes, and the Company will pay Additional Amounts so that the net payment by the Company or the Paying Agent covers any required withholding for taxes. However, no Additional Amounts are payable for taxes imposed due to the holder's failure to comply with certification or information reporting (e.g., providing IRS Forms W-8BEN), taxes imposed otherwise than by withholding by the Company or a Paying Agent, taxes from changes in law effective more than 10 days after payment becomes due, estate or similar taxes, taxes that could be avoided by using another paying agent, or taxes due to the holder's presentation of the note.",,,,multi_hop_specific_query_synthesizer
whats the fair value of corporate debt securities?,"['<1-hop>\n\nCurrentMarketableSecurities\nNon-CurrentMarketableSecurities\nCash $ 27,199 $ — $ — $ 27,199 $ 27,199 $ — $ — \nLevel 1:\nMoney market funds 778 — — 778 778 — — \nMutual funds 515 105 (3) 617 — 617 — \nSubtotal 1,293 105 (3) 1,395 778 617 — \nLevel 2 :\nU.S. Treasury securities 16,150 45 (516) 15,679 212 4,087 11,380 \nU.S. agency securities 5,431 — (272) 5,159 155 703 4,301 \nNon-U.S. government securities 17,959 93 (484) 17,568 1,158 10,810 5,600 \nCertificates of deposit and time deposits 873 — — 873 387 478 8 \nCommercial paper 1,066 — — 1,066 28 1,038 — \nCorporate debt securities 65,622 270 (1,953) 63,939 26 16,027 47,886 \nMunicipal securities 412 — (7) 405 — 190 215 \nMortgage- and asset-backed securities 24,595 175 (1,403) 23,367 — 1,278 22,089 \nSubtotal 132,108 583 (4,635) 128,056 1,966 34,611 91,479 \nTotal $ 160,600 $ 688 $ (4,638) $ 156,650 $ 29,943 $ 35,228 $ 91,479 \n(1) The valuation techniques used to measure the fair values of the Company’s Level 2 financial instruments, which generally have counterparties with high credit\nratings, are based on quoted market prices or model-driven valuations using significant inputs derived from or corroborated by observable market data.\n(2) As of September 28, 2024, cash and cash equivalents included $2.6 billion held in escrow and restricted from general use. These restricted cash and cashequivalents were designated to settle the Company’s obligation related to the State Aid Decision (refer to Note 7, “Income Taxes”).', '<2-hop>\n\nNote 4 – Financial Instruments\nCash, Cash Equivalents and Marketable Securities\nThe following tables show the Company’s cash, cash equivalents and marketable securities by significant investment category as of September 28, 2024 and\nSeptember 30, 2023 (in millions):\n2024\nAdjustedCost UnrealizedGains UnrealizedLosses FairValue\nCash andCashEquivalents\nCurrentMarketableSecurities\nNon-CurrentMarketableSecurities\nCash $ 27,199 $ — $ — $ 27,199 $ 27,199 $ — $ — \nLevel 1:\nMoney market funds 778 — — 778 778 — — \nMutual funds 515 105 (3) 617 — 617 — \nSubtotal 1,293 105 (3) 1,395 778 617 — \nLevel 2 :\nU.S. Treasury securities 16,150 45 (516) 15,679 212 4,087 11,380 \nU.S. agency securities 5,431 — (272) 5,159 155 703 4,301 \nNon-U.S. government securities 17,959 93 (484) 17,568 1,158 10,810 5,600 \nCertificates of deposit and time deposits 873 — — 873 387 478 8 \nCommercial paper 1,066 — — 1,066 28 1,038 — \nCorporate debt securities 65,622 270 (1,953) 63,939 26 16,027 47,886 \nMunicipal securities 412 — (7) 405 — 190 215 \nMortgage- and asset-backed securities 24,595 175 (1,403) 23,367 — 1,278 22,089 \nSubtotal 132,108 583 (4,635) 128,056 1,966 34,611 91,479 \nTotal $ 160,600 $ 688 $ (4,638) $ 156,650 $ 29,943 $ 35,228 $ 91,479 \n(1)\n(2)(3)\nApple Inc. | 2024 Form 10-K | 36']","Accordin' to the table, corporate debt securities have a fair value of $63,939 million as of September 28, 2024, with $16,027 million in current marketable securities and $47,886 million in non-current ones. Some of these securities are based on model-driven valuations, and the counterparties have high credit ratings.",,,,multi_hop_specific_query_synthesizer
What risks does the Company face regarding health data and compliance with governmental authorities?,"['<1-hop>\n\nsufficient forall  eventualities  and  may  be  vulnerable  to  hacking,  employee  error,  malfeasance,  system  error,  faulty  password  management  or  other  irregularities.  Forexample, third parties may attempt to fraudulently induce employees or customers into disclosing user names, passwords or other sensitive information, whichmay in turn be used to access the Company’s information technology systems. To help protect customers and the Company, the Company monitors its servicesand  systems  for  unusual  activity  and  may  freeze  accounts  under  suspicious  circumstances,  which,  among  other  things,  may  result  in  the  delay  or  loss  ofcustomer orders or impede customer access to the Company’s products and services.In addition to the risks relating to general confidential information described above, the Company may also be subject to specific obligations relating to healthdata and payment card data. Health data may be subject to additional privacy, security and breach notification requirements, and the Company may be subjectto audit by governmental authorities regarding the Company’s compliance with these obligations. If the Company fails to adequately comply with these rules andrequirements, or if health data is handled in a manner not permitted by law or under the Company’s agreements with healthcare institutions, the Company couldbe subject to litigation or government investigations, may be liable for associated investigatory expenses, and could also']","The Company faces risks related to health data, including additional privacy, security, and breach notification requirements. It may be subject to audits by governmental authorities regarding compliance with these obligations. Failure to comply with rules or mishandling health data could lead to litigation, government investigations, liability for investigatory expenses, and other consequences.",,,,multi_hop_specific_query_synthesizer
whats the deal with note 10?,"['<1-hop>\n\nhave arisen in the ordinary course of business. Except asdescribed  in  Part  II,  Item  8  of  this  Form  10-K  in  the  Notes  to  Consolidated  Financial  Statements  in  Note  10,  “Commitments  and  Contingencies”  under  theheading “Contingencies,” in the opinion of management, there was not at least a reasonable possibility the Company may have incurred a material loss, or amaterial loss greater than a recorded accrual, concerning loss contingencies for asserted legal and other claims.The  outcome  of  litigation  is  inherently  uncertain.  If  one  or  more  legal  matters  were  resolved  against  the  Company  in  a  reporting  period  for  amounts  abovemanagement’s expectations, the Company’s financial condition and operating results for that reporting period could be materially adversely affected. Refer tothe risk factor “ The Company could be impacted by unfavorable  results of legal proceedings,  such as being found to have infringed on intellectual propertyrights” in Part I, Item 1A of this Form 10-K under the heading “Risk Factors.” The Company settled certain matters during the fourth quarter of 2019  that did notindividually or in the aggregate have a material impact on the Company’s financial condition or operating results.Item 4.Mine Safety DisclosuresNot applicable.Apple Inc. | 2019 Form 10-K | 14']","Note 10 is about commitments and contingencies. Management thinks there's not a reasonable chance of a big loss from legal stuff, unless it's explained in that note under 'Contingencies.' If they lose a lawsuit for more than expected, it could hurt their money results. They settled some stuff in Q4 2019 that wasn't a big deal.",,,,multi_hop_specific_query_synthesizer
"How does the Full-Value Award Ratio affect the calculation of share limits under the Plan, and what is the maximum number of shares that can be issued?","['<1-hop>\n\nHARE LIMITS.(a)    Basic Limitation. The stock issuable under the Plan shall be authorized but unissued Shares. The aggregate number of Shares that may beissued pursuant to Awards under the Plan, subject to adjustment pursuant to Section 11, is equal to:(i)    385,000,000 Shares, plus (ii)     the  number  of any  Shares  that  remained  available under the  2003 Plan for  new award grants  on the Approval  Date,  anddetermined  immediately  before  giving  effect  to  the  termination  of  the  authority  to  grant  new  awards  under  the  2003  Plan  inconnection with such approval, plus(iii)    the number of any Shares subject to stock options granted under the 2003 Plan and outstanding as of the Approval Datewhich expire, or for any reason are cancelled or terminated, after the Approval Date without being exercised, plus(iv)    the number of any Shares subject to restricted stock and restricted stock unit awards granted under the 2003 Plan that wereoutstanding and unvested on the Approval Date that are forfeited, terminated, cancelled or otherwise reacquired by the Companyafter the Approval Date without having become vested or that are exchanged by a Participant or withheld by the Company or one ofits Subsidiaries after the Approval Date to satisfy the tax withholding obligations related to the award (in each case, with any suchShares increasing the Shares available for issuance under the Plan based on the Full-Value Award Ratio).provided that in no event shall the', '<2-hop>\n\nrelated to the award (in each case, with any suchShares increasing the Shares available for issuance under the Plan based on the Full-Value Award Ratio).provided that in no event shall the Shares available for issuance under the Plan exceed 766,339,189 Shares (which is the sum of (1) the385,000,000 Shares set forth above, plus (2) the number of Shares available for new award grants under the 2003 Plan on November 11,2013,  plus  (3)  the  aggregate  number  of  Shares  subject  to  stock  options  previously  granted  and  outstanding  under  the  2003  Plan  as  ofNovember 11, 2013, plus (4) two (2) (the Full-Value Award Ratio) times the aggregate number of Shares subject to restricted stock andrestricted stock units previously granted and outstanding under the 2003 Plan as of November 11, 2013).(b)     Share  Count.  Shares  issued  pursuant  to  Awards  under  the  Plan  other  than  Options  or  SARs  will  count  against  the  Shares  available  forissuance under the Plan as two (2) Shares for every one (1) Share issued in connection with the Award. Shares issued pursuant to the exercise ofOptions or SARs under the Plan will count against the Shares available for issuance under the Plan as one (1) Share for every one Share to whichsuch exercise relates. For purposes of clarity, the total number of Shares subject to SARs that are exercised and settled in Shares, and the totalnumber of Shares subject to Options that are exercised, shall be counted in full on a one-for-one']","The Full-Value Award Ratio is used to calculate the number of shares added back to the Plan's available shares from forfeited restricted stock or restricted stock unit awards under the 2003 Plan, and it also determines the counting of shares issued under the Plan. Specifically, shares issued under awards other than options or SARs count as two shares for every one share issued, reflecting the Full-Value Award Ratio of 2. The maximum number of shares that can be issued under the Plan is capped at 766,339,189 shares, which includes the initial 385,000,000 shares, shares available under the 2003 Plan, outstanding options, and two times the outstanding restricted stock and restricted stock units as of November 11, 2013.",,,,multi_hop_specific_query_synthesizer
How do the laws about advertising affect company?,"['<1-hop>\n\nThe Company is subject to complex and changing laws and regulations worldwide, which exposes the Company to potential liabilities, increasedcosts and other adverse effects on the Company’s business.\nThe Company’s global operations are subject to complex and changing laws and regulations on subjects, including antitrust; privacy, data security and datalocalization; consumer protection; advertising, sales, billing and e-commerce; financial services and technology; product liability; intellectual property ownership\nand infringement; digital platforms; machine learning and artificial intelligence; internet, telecommunications and mobile communications; media, television, filmand digital content; availability of third-party software applications and services; labor and employment; anticorruption; import, export and trade; foreignexchange controls and cash repatriation restrictions; anti–money laundering; foreign ownership and investment; tax; and environmental, health and safety,\nincluding electronic waste, recycling, product design and climate change.\nCompliance with these laws and regulations is onerous and expensive. New and changing laws and regulations can adversely affect the Company’s business by']","The company is subject to complex and changing laws on advertising, which can make compliance onerous and expensive, and may adversely affect its business.",,,,multi_hop_specific_query_synthesizer
What are the vesting conditions for stock units under Exhibit A and how are dividend equivalent rights treated upon vesting?,"['<1-hop>\n\nused herein, the term “Stock Unit ” shall mean a non-voting unit of measurement which is deemed for bookkeepingpurposes to be equivalent to one outstanding share of the Company’s Common Stock (“Share ”) solely for purposes of the Plan and this AwardAgreement. The Stock Units shall be used solely as a device for the determination of the payment to eventually be made to the Participant if suchStock Units vest pursuant to this Award Agreement. The Stock Units shall not be treated as property or as a trust fund of any kind.3.    Vesting. Subject to Sections 4 and 8 below, the Award shall vest and become nonforfeitable as set forth in the Grant Notice and Exhibit A hereto. (The vesting date set forth in the Grant Notice is referred to herein as a “Vesting Date ”).4.    Continuance of Employment.  Except as provided in this Section 4 and in Section 8 below, vesting of the Award requires continuedactive employment or service through the Vesting Date as a condition to the vesting of the Award and the rights and benefits under this AwardAgreement.  Employment  or  service  for  only  a  portion  of  the  vesting  period,  even  if  a  substantial  portion,  will  not  entitle  the  Participant  to  anyproportionate vesting of the Award. For purposes of this Award Agreement, active service shall include (a) the duration of an approved leave ofabsence  (other  than  a  personal  leave  of  absence)  and  (b)  the  first  thirty  (30)  days  of  an  approved  personal  leave  of', '<2-hop>\n\nshall be subject to the same vesting, payment and other terms, conditions andrestrictions as the original Stock Units to which they relate, including the obligation to satisfy the Tax-Related Items; provided, however, that theamount of any vested Dividend Equivalent Rights shall be paid in cash. For purposes of clarity, the percentage of the Dividend Equivalent Rightsthat are paid will correspond to the percentage of the total target number of Stock Units that vest on the Vesting Date, after giving effect to Exhibit A .No crediting of Dividend Equivalent Rights shall be made pursuant to this Section 5(b) with respect to any Stock Units which, immediately prior tothe record date for that dividend, have either been paid pursuant to Section 7 or terminated pursuant to Section 8 or Exhibit A .6.    Restrictions on Transfer.  Except as provided in Section 4(c) of the Plan, the Award, the Dividend Equivalent Rights and any interesttherein  or  amount  or  Shares  payable  in  respect  thereof  shall  not  be  sold,  assigned,  transferred,  pledged  or  otherwise  disposed  of,  alienated  orencumbered, either voluntarily or involuntarily.7.    Timing and Manner of Payment of Stock Units.  On or as soon as administratively practical following the vesting event pursuant toSection 3 or Section 8 (and in all events not later than two and one-half (2 ½) months after such vesting event), the Company shall deliver to theParticipant a number of Shares (either by delivering one or more']","The vesting of stock units requires continued active employment or service through the Vesting Date, as specified in the Grant Notice and Exhibit A. Service for only part of the vesting period, even a substantial portion, does not entitle the participant to proportionate vesting. Dividend equivalent rights are subject to the same vesting, payment, and other terms as the original stock units, but if vested, they are paid in cash. The percentage of dividend equivalent rights paid corresponds to the percentage of total target stock units that vest on the Vesting Date, after considering Exhibit A. No dividend equivalent rights are credited for stock units that, immediately prior to the record date, have been paid or terminated as per Sections 7, 8, or Exhibit A.",,,,multi_hop_specific_query_synthesizer
"What constitutes an event of default under the Indentures, and how does a default in the payment of interest differ from a default in the payment of principal, and what is the grace period for interest payments?","['<1-hop>\n\nEvents of Default\nEach of the following events are defined in the Indentures as an “event of default” (whatever the reason for such event of default and whether or not it\nwill be voluntary or involuntary or be effected by operation of law or pursuant to any judgment, decree or order of any court or any order, rule or regulation of anyadministrative or governmental body) with respect to the debt securities of any series:\n(1)    default in the payment of any installment of interest on any debt securities of such series for 30 days after becoming due;\n(2)    default in the payment of principal of or premium, if any, on any debt securities of such series when it becomes due and payable at its statedmaturity, upon optional redemption, upon declaration or otherwise;\n(3)    default in the performance, or breach, of any covenant or agreement of ours in the applicable Indenture with respect to the debt securities of suchseries (other than a covenant or agreement, a default in the performance of which or a breach of which is elsewhere in the applicable Indenture']","An event of default under the Indentures includes: (1) default in payment of any installment of interest on the debt securities for 30 days after becoming due; (2) default in payment of principal or premium when due and payable at stated maturity, upon optional redemption, upon declaration, or otherwise; (3) default in performance or breach of any covenant or agreement of the company in the applicable Indenture (other than a covenant or agreement whose default or breach is elsewhere in the Indenture). The grace period for interest payments is 30 days after becoming due, whereas for principal or premium there is no grace period mentioned; it is due when it becomes due and payable.",,,,multi_hop_specific_query_synthesizer
What information is disclosed under Note 3 regarding the company's financial instruments?,['<1-hop>\n\nNote 3 – Financial Instruments'],"The provided context only includes the heading 'Note 3 – Financial Instruments' from the financial statements. It indicates that disclosure regarding financial instruments is presented in that note, but the specific details are not provided in the context.",,,,multi_hop_specific_query_synthesizer
"How did Apple's cash, cash equivalents and restricted cash change during the fiscal year 2020, and what factors related to cash equivalents and marketable securities influenced this change?","['<1-hop>\n\nof non-marketable securities(210) (1,001) (1,871) Proceeds from non-marketable securities92 1,634 353 Other(791) (1,078) (745) Cash generated by/(used in) investing activities(4,289) 45,896 16,066 Financing activities:Proceeds from issuance of common stock880 781 669 Payments for taxes related to net share settlement of equity awards(3,634) (2,817) (2,527) Payments for dividends and dividend equivalents(14,081) (14,119) (13,712) Repurchases of common stock(72,358) (66,897) (72,738) Proceeds from issuance of term debt, net16,091 6,963 6,969 Repayments of term debt(12,629) (8,805) (6,500) Repayments of commercial paper, net(963) (5,977) (37) Other(126) (105) — Cash used in financing activities(86,820) (90,976) (87,876) Increase/(Decrease) in cash, cash equivalents and restricted cash(10,435) 24,311 5,624 Cash, cash equivalents and restricted cash, ending balances$ 39,789 $50,224 $25,913 Supplemental cash flow disclosure:Cash paid for income taxes, net$ 9,501 $15,263 $10,417 Cash paid for interest$ 3,002 $3,423 $3,022 See accompanying Notes to Consolidated Financial Statements.Apple Inc. | 2020 Form 10-K | 35', '<2-hop>\n\nQuantitative and Qualitative Disclosures About Market RiskInterest Rate and Foreign Currency Risk ManagementThe Company regularly reviews its foreign exchange forward and option positions and interest rate swaps, both on a stand-alone basis and in conjunction withits  underlying  foreign  currency  and  interest  rate  related  exposures.  Given  the  effective  horizons  of  the  Company’s  risk  management  activities  and  theanticipatory nature of the exposures, there can be no assurance these positions will offset more than a portion of the financial impact resulting from movementsin either foreign exchange or interest rates. Further, the recognition of the gains and losses related to these instruments may not coincide with the timing ofgains and losses related to the underlying economic exposures and, therefore, may adversely affect the Company’s financial condition and operating results.Interest Rate RiskThe  Company’s  exposure  to  changes  in  interest  rates  relates  primarily  to  the  Company’s  investment  portfolio  and  outstanding  debt.  While  the  Company  isexposed to global interest rate fluctuations, the Company’s interest income and expense are most sensitive to fluctuations in U.S. interest rates. Changes in U.S.interest rates affect the interest earned on the Company’s cash, cash equivalents and marketable securities and the fair value of those securities, as well ascosts associated with hedging and interest paid on the Company’s debt.The Company’s']","Apple's cash, cash equivalents and restricted cash decreased by $10,435 million during fiscal 2020, ending at $39,789 million compared to $50,224 million at the start of the period. This decrease was driven by significant cash outflows from investing and financing activities. In investing activities, proceeds from non-marketable securities were $92 million, while purchases of non-marketable securities resulted in outflows of $210 million, $1,001 million, and $1,871 million (likely representing different categories or years), and other investing activities used $791 million. In financing activities, repurchases of common stock totaled $72,358 million, dividends and dividend equivalents paid were $14,081 million, and repayments of term debt amounted to $12,629 million, partially offset by proceeds from term debt issuance of $16,091 million and from common stock issuance of $880 million. The company's exposure to interest rate fluctuations, particularly in U.S. rates, affects the interest earned on cash, cash equivalents, and marketable securities, as well as their fair value, which is a key consideration for managing the investment portfolio and assessing overall liquidity and investment risk.",,,,multi_hop_specific_query_synthesizer
"on october 29, 2020, what did ernst & young llp say in the apple 10-k about controls and periods, and why might that be important for a investor?","['<1-hop>\n\nperiods are subject to the risk that controls may become inadequate because of changes in conditions, or that the degree of compliancewith the policies or procedures may deteriorate./s/ Ernst & Young LLPSan Jose, CaliforniaOctober 29, 2020Apple Inc. | 2020 Form 10-K | 61']","In the Apple 10-K filed on October 29, 2020, Ernst & Young LLP stated that periods are subject to the risk that controls may become inadequate because of changes in conditions, or that the degree of compliance with the policies or procedures may deteriorate. This is important for an investor because it highlights potential vulnerabilities in the company's internal controls over time, which could affect the reliability of financial reporting and corporate governance.",,,,multi_hop_specific_query_synthesizer
"What does Regulation S-K require regarding the exhibit index and the disclosure of delinquent filers in a Form 10-K filing, and how does Apple Inc. address these requirements in its 2016 Form 10-K?","['<1-hop>\n\nby Item 601 of Regulation S-KThe information required by this Section (a)(3) of Item 15 is set forth on the exhibit index that follows the Signatures page of this Form 10-K.Apple Inc. | 2016 Form 10-K | 74', '<2-hop>\n\nmark whether the Registrant (1) has filed all reports required to be filed by Section 13 or 15(d) of the Securities Exchange Act of 1934 during the preceding12 months (or for such shorter period that the Registrant was required to file such reports), and (2) has been subject to such filing requirements for the past 90 days.Yes   ☒     No   ☐Indicate  by  check  mark  whether  the  Registrant  has  submitted  electronically  every  Interactive  Data  File  required  to  be  submitted  pursuant  to  Rule  405  of  Regulation  S-T(§232.405 of this chapter) during the preceding 12 months (or for such shorter period that the Registrant was required to submit and post such files).Yes   ☒     No   ☐Indicate by check mark if disclosure of delinquent filers pursuant to Item 405 of Regulation S-K (§229.405 of this chapter) is not contained herein, and will not be contained, tothe best of the Registrant’s knowledge, in definitive proxy or information statements incorporated by reference in Part III of this Form 10-K or any amendment to this Form 10-K. ☒Indicate by check mark whether the Registrant is a large accelerated filer, an accelerated filer, a non-accelerated filer, a smaller reporting company, or an emerging growthcompany. See the definitions of “large accelerated filer,” “accelerated filer,” “smaller reporting company,” and “emerging growth company” in Rule 12b-2 of the Exchange Act.']","Regulation S-K, specifically Item 601, requires that the information specified in Section (a)(3) of Item 15 be set forth on the exhibit index that follows the Signatures page of the Form 10-K. Additionally, Item 405 of Regulation S-K pertains to the disclosure of delinquent filers, which must be indicated by check mark and, if not contained in the report, must be stated to the best of the registrant's knowledge in definitive proxy or information statements incorporated by reference in Part III of the Form 10-K. In its 2016 Form 10-K, Apple Inc. states that the required exhibit information is set forth on the exhibit index following the Signatures page, and it marks the box indicating that disclosure of delinquent filers pursuant to Item 405 is not contained in the report and will not be contained in future proxy or information statements, complying with these regulatory requirements.",,,,multi_hop_specific_query_synthesizer
adjust perfrmance goels in awards?,"['<1-hop>\n\nby the Plan and the then-outstanding Awards.Unless otherwise expressly provided in the applicable Award Agreement, upon (or, as may be necessary to effect the adjustment, immediately priorto) any event or transaction described in the preceding paragraph or a sale of all or substantially all of the business or assets of the Company as anentirety,  the  Company  shall  equitably  and  proportionately  adjust  the  Performance  Goals  applicable  to  any  then-outstanding  performance-basedAwards to the extent necessary to preserve (but not increase) the level of incentives intended by the Plan and the then-outstanding performance-based Awards.It is intended that, unless otherwise determined by the Committee, any adjustments contemplated by the preceding two paragraphs be made in amanner that satisfies applicable legal, tax (including, without limitation and as applicable in the circumstances, Code Sections 424 409A and 162(m))and accounting (so as to not trigger any charge to earnings with respect to such adjustment) requirements.Without  limiting  the  generality  of  Section  3,  any  good  faith  determination  by  the  Committee  as  to  whether  an  adjustment  is  required  in  thecircumstances pursuant to this Section 11(a), and the extent and nature of any such adjustment, shall be conclusive and binding on all persons.(b)    Participant Rights. Except as provided in this Section 11, a Participant shall have no rights by reason of any issue by the Company of stock']","Yes, the Company shall equitably and proportionately adjust the Performance Goals applicable to any then-outstanding performance-based Awards to the extent necessary to preserve (but not increase) the level of incentives intended by the Plan and the then-outstanding performance-based Awards, upon certain events or transactions such as a sale of all or substantially all of the business or assets of the Company.",,,,multi_hop_specific_query_synthesizer
"so like what does the committee do with section 13 stuff, when they need to adjust things or terminate awards?","['<1-hop>\n\nthe Plan and any agreements defining the rights and obligations of the Company, its Subsidiaries, andParticipants under the Plan;(viii)    correcting any defect, supplying any omission or reconciling any inconsistency in the Plan or any Award Agreement;(ix)    adopting such rules or guidelines as it deems appropriate to implement the Plan;(x)     authorizing  any  person  to  execute  on  behalf  of  the  Company  any  instrument  required  to  effect  the  grant  of  an  Award  previouslyauthorized by the Committee;(xi)    adjusting the number of Shares subject to any Award, adjusting the price of any or all outstanding Awards or otherwise changingpreviously  imposed  terms  and  conditions,  in  such  circumstances  as  the  Committee  may  deem  appropriate,  in  each  case  subject  toSections 5 and 15, and subject to the no Re‑ Pricing provision below;(xii)    determining whether, and the extent to which, adjustments are required pursuant to Section 13 hereof and authorizing the termination,conversion, substitution or succession of Awards upon the occurrence of an event of the type described in Section 13;(xiii)    acquiring or settling (subject to Sections 13 and 15) rights under Awards in cash, stock of equivalent value, or other consideration,subject to the no Re−Pricing provision below;(xiv)    making all other decisions relating to the operation of the Plan; and6']","The committee decides if adjustments are needed under Section 13 and can terminate, convert, substitute, or handle the succession of awards when something described in Section 13 happens. They can also buy or settle rights under awards with cash, stock, or other stuff, but that's also subject to Sections 13 and 15.",,,,multi_hop_specific_query_synthesizer
can you tell me about the impct of ASU 2016-09 on the companys tax reporting and when they think it will have the biggest effect on their effective tax rates?,"['<1-hop>\n\n(“ASU  2016-09”), in 2018, the Company records any excess tax benefits or deficiencies from its equity awards as part of theprovision for income taxes. The Company anticipates that these excess tax benefits or deficiencies will have the greatest impact on its effective tax rates in thefirst and third quarters, as the majority of the Company’s equity awards vest in those quarters.As of September 29, 2018 ,  the Company had deferred tax assets arising from deductible temporary differences, tax losses and tax credits of $6.3  billion anddeferred tax liabilities of $426  million . Management believes it is more likely than not that forecasted income, including income that may be generated as aresult of certain tax planning strategies, together with future reversals of existing taxable temporary differences, will be sufficient to recover the deferred taxassets.  The  Company  will  continue  to  evaluate  the  realizability  of  deferred  tax  assets  quarterly  by  assessing  the  need  for  and  the  amount  of  a  valuationallowance.On August 30, 2016, the European Commission announced its decision that Ireland granted state aid to the Company by providing tax opinions in 1991 and2007 concerning the tax allocation of profits of the Irish branches of two subsidiaries of the Company (the “State Aid Decision”). The State Aid Decision orderedIreland to calculate and recover additional taxes from the Company for the period June 2003 through December 2014. The recovery amount was']",The company adopted ASU 2016-09 in 2018 and now records excess tax benefits or deficiencies from equity awards as part of the provision for income taxes. They anticipate these will have the greatest impact on effective tax rates in the first and third quarters because most equity awards vest in those quarters.,,,,multi_hop_specific_query_synthesizer
what legal proceedings apple inc face and how they account for them in there 10-k?,"['<1-hop>\n\nApple Inc.\nForm 10-KFor the Fiscal Year Ended September 25, 2021TABLE OF CONTENTSPage Part IItem 1.Business 1 Item 1A.Risk Factors 6 Item 1B.Unresolved Staff Comments 17 Item 2.Properties 17 Item 3.Legal Proceedings 17 Item 4.Mine Safety Disclosures 17 Part IIItem 5.Market for Registrant’s Common  Equity, Related Stockholder Matters and Issuer Purchases of Equity Securities18 Item 6.[Reserved] 19 Item 7.Management’s Discussion and A nalysis of Financial Condition and Results of Operations20 Item 7A.Quantitative and Q ualitative Disclosures About Market Risk26 Item 8.Financial Statements an d Supplementary Data28 Item 9.Changes in and Disagreeme nts with Accountants on Accounting and Financial Disclosure55 Item 9A.Controls and Procedures 55 Item 9B.Other Information 56 Item 9C.Disclosure Regarding Foreign Jurisdictions  that Prevent Inspections56 Part IIIItem 10.Directors, Executive Officers an d Corporate Governance56 Item 11.Executive Compensation 56 Item 12.Security Ownership of Certain Beneficial Owners and Management and Related Stockholder Matters56 Item 13.Certain Relationships and Related Transactions, and Director Independence56 Item 14.Principal Accountant Fees and Services56 Part IVItem 15.Exhibit and Financial Statem ent Schedules57 Item 16.Form 10-K Summary 59', '<2-hop>\n\nAct increased the Company’s provision for income taxes by $1.5 billion during 2018. Thisincrease  was  composed  of $2.0  billion related  to  the  remeasurement  of  net  deferred  tax  assets  and  liabilities  and $1.2  billion associated  with  the  deemedrepatriation tax, partially offset by a $1.7 billion impact the deemed repatriation tax had on the Company’s unrecognized tax benefits. Certain amounts reportedby  the  Company  related  to  the  Act  are  provisional  estimates  in  accordance  with  the  SEC  Staff  Accounting  Bulletin  No.  118.  Resolution  of  the  Act’s  effectsdifferent from the assumptions made by the Company could have a material impact on the Company’s financial condition and operating results.Legal and Other ContingenciesAs discussed in Part I, Item 3 of this Form 10-K under the heading “Legal Proceedings” and in Part II, Item 8 of this Form 10-K in the Notes to ConsolidatedFinancial Statements in Note 9, “Commitments and Contingencies,” the Company is subject to various legal proceedings and claims that arise in the ordinarycourse of business. The Company records a liability when it is probable that a loss has been incurred and the amount is reasonably estimable, the determinationof which requires significant judgment. Except as described in Part II, Item 8 of this Form 10-K in the Notes to Consolidated Financial Statements in Note 9,“Commitments  and  Contingencies”  under  the  heading  “Contingencies,”  in  the  opinion  of  management,']","Apple Inc. is subject to various legal proceedings and claims that arise in the ordinary course of business. The company records a liability when it is probable that a loss has been incurred and the amount is reasonably estimable, and the determination of that requires significant judgment. The legal proceedings are discussed in Part I, Item 3 of the Form 10-K under the heading 'Legal Proceedings' and in Part II, Item 8 in the Notes to Consolidated Financial Statements under Note 9, 'Commitments and Contingencies.'",,,,multi_hop_specific_query_synthesizer
"How does the company account for fair value hedges on the Consolidated Balance Sheets, and what audit requirements might arise from noncompliance with privacy or data protection laws as mentioned in the context?","['<1-hop>\n\nInvestment\nHedgesThe effective portions of net investment hedges are recorded in other comprehensive income (“OCI”) as a part of the cumulative translation adjustment. Theineffective portions and amounts excluded from the effectiveness testing of net investment hedges are recognized in other income/(expense), net.Fair\nValue\nHedgesGains and losses related to changes in fair value hedges are recognized in earnings along with a corresponding loss or gain related to the change in value ofthe underlying hedged item.Non-Designated\nDerivativesDerivatives that are not designated as hedging instruments are adjusted to fair value through earnings in the financial statement line item to which the derivativerelates.The Company records all derivatives in the Consolidated Balance Sheets at fair value. The Company’s accounting treatment for these derivative instruments isbased  on  its  hedge  designation.  The  following  tables  show  the  Company’s  derivative  instruments  at  gross  fair  value  as  of September  24,  2016 and September 26, 2015 (in millions):  2016  Fair Value of Derivatives Designatedas Hedge Instruments\xa0 Fair Value of Derivatives Not Designatedas Hedge Instruments\xa0 TotalFair ValueDerivative assets (1) :\xa0 \xa0 \xa0\xa0 \xa0Foreign exchange contracts$ 518 \xa0$153 \xa0$671Interest rate contracts$ 728 \xa0$— \xa0$728\xa0\xa0 \xa0 \xa0\xa0 \xa0Derivative liabilities (2) :\xa0 \xa0 \xa0\xa0 \xa0Foreign exchange contracts$ 935 \xa0$134 \xa0$1,069Interest rate contracts$ 7 \xa0$— \xa0$7 Apple Inc. | 2016 Form 10-K | 51', '<2-hop>\n\nlaws that are pending. These laws continue to develop and may be inconsistent from jurisdiction to jurisdiction. Complying with emerging and changingrequirements causes the Company to incur substantial costs and has required and may in the future require the Company to change its business practices.Noncompliance could result in significant penalties or legal liability.\nThe Company makes statements about its use and disclosure of personal information through its privacy policy, information provided on its website, pressstatements and other privacy notices provided to customers. Any failure by the Company to comply with these public statements or with other federal, state orinternational privacy or data protection laws and regulations could result in inquiries or proceedings against the Company by governmental entities or others. In\naddition to reputational impacts, penalties could include ongoing audit requirements and significant legal liability.\nIn addition to the risks generally relating to the collection, use, retention, security and transfer of personal information, the Company is also subject to specific']","The company records all derivatives in the Consolidated Balance Sheets at fair value, and for fair value hedges, gains and losses related to changes in their fair value are recognized in earnings along with a corresponding loss or gain related to the change in value of the underlying hedged item. Regarding audit requirements, the context notes that failure to comply with public statements about privacy or data protection laws could result in penalties, which may include ongoing audit requirements and significant legal liability, in addition to reputational impacts.",,,,multi_hop_abstract_query_synthesizer
what the business day registrant most recently completed second fiscal quarter got to do with internal controls and PII?,"['<1-hop>\n\nbusiness day of the Registrant’s mostrecently completed second fiscal quarter, was approximately $1,070,633,000,000. Solely for purposes of this disclosure, shares of common stock held by executive officersand  directors  of  the  Registrant  as  of  such  date  have  been  excluded  because  such  persons  may  be  deemed  to  be  affiliates.  This  determination  of  executive  officers  anddirectors as affiliates is not necessarily a conclusive determination for any other purposes.17,001,802,000 shares of common stock were issued and outstanding as of Oc tober 16, 2020.DOCUMENTS INCORPORATED BY REFERENCE Portions of the Registrant’s definitive proxy statement relating to its 2021 annual meeting of shareholders (the “2021 Proxy Statement”) are incorporated by reference into PartIII of this Annual Report on Form 10-K where indicated. The 2021 Proxy Statement will be filed with the U.S. Securities and Exchange Commission within 120 days after theend of the fiscal year to which this report relates.', '<2-hop>\n\nconstraints, and the benefits ofcontrols  must  be  considered  relative  to  their  costs.  Because  of  the  inherent  limitations  in  all  control  systems,  no  evaluation  of  internal  controls  can  provideabsolute  assurance  that  all control  issues and instances  of fraud,  if any, have been  detected.  Also, any  evaluation  of the  effectiveness  of controls  in futureperiods are subject to the risk that those internal controls may become inadequate because of changes in business conditions, or that the degree of compliancewith the policies or procedures may deteriorate.Management’s Annual Report on Internal Control Over Financial ReportingThe  Company’s  management  is responsible  for  establishing  and  maintaining  adequate  internal  control  over  financial  reporting  (as defined  in Rule  13a-15(f)under the Exchange Act). Management conducted an assessment of the effectiveness of the Company’s internal control over financial reporting based on thecriteria  set  forth  in  Internal  Control  –  Integrated  Framework  issued  by  the  Committee  of  Sponsoring  Organizations  of  the  Treadway  Commission  (2013framework).  Based  on  the  Company’s  assessment,  management  has  concluded  that  its  internal  control  over  financial  reporting  was  effective  as  ofSeptember 30, 2017 to  provide reasonable assurance regarding the reliability of financial reporting and the preparation of financial statements in accordancewith GAAP. The Company’s', '<3-hop>\n\nof PII among the Company and its international subsidiaries. Several jurisdictions havepassed laws in this area, and other jurisdictions are considering imposing additional restrictions. These laws continue to develop and may be inconsistent fromjurisdiction to jurisdiction. Complying with emerging and changing international requirements may cause the Company to incur substantial costs or require theCompany to change its business practices. Noncompliance could result in significant penalties or legal liability.The Company makes statements about its use and disclosure of PII through its privacy policy, information provided on its website and press statements. Anyfailure by the Company to comply with these public statements or with other federal, state or international privacy-related or data protection laws and regulationscould result in proceedings against the Company by governmental  entities or others. Penalties could include ongoing audit requirements or significant legalliability.The Company’s success depends largely on the continued service and availability of key personnel.Much of the Company’s future success depends on the continued availability and service of key personnel, including its Chief Executive Officer, executive teamand other highly skilled employees. Experienced personnel in the technology industry are in high demand and competition for their talents is intense, especiallyin Silicon Valley, where most of the Company’s key personnel are located.Apple Inc. |']","The business day disclosure shows the market value of common stock held by non-affiliates, which relates to internal controls because management assessed and concluded that internal control over financial reporting was effective as of September 30, 2017, providing reasonable assurance for financial reporting. This is important for protecting PII, as noncompliance with privacy laws and public statements about PII use could result in penalties or legal liability, which internal controls help to prevent.",,,,multi_hop_abstract_query_synthesizer
"In what ways have the COVID-19 pandemic and the reliance on global suppliers contributed to supply chain disruptions, and how do these factors collectively impact the Company's business operations and its regulatory compliance obligations?","['<1-hop>\n\nthe price of the Company’s stock, have been adversely affectedand could in the future be materially adversely affected by the COVID-19 pandemic.COVID-19 has had, and continues to have, a significant impact around the world, prompting governments and businesses to take unprecedented measures inresponse. Such measures have included restrictions on travel and business operations, temporary closures of businesses, and quarantine and shelter-in-placeorders. The COVID-19 pandemic has at times significantly curtailed global economic activity and caused significant volatility and disruption in global financialmarkets.The COVID-19 pandemic and the measures taken by many countries in response have adversely affected and could in the future materially adversely impactthe Company’s business, results of operations and financial condition, as well as the price of the Company’s stock. During the course of the pandemic, certain ofthe Company’s component suppliers and manufacturing and logistical service providers have experienced disruptions, resulting in supply shortages that affectedsales worldwide, and similar disruptions could occur in the future. The Company’s retail stores, as well as channel partner points of sale, have been temporarilyclosed at various times. In many cases, as stores and points of sale have reopened, they are subject to operating restrictions to protect public health and thehealth and safety of employees and customers. The Company has at times required substantially', '<2-hop>\n\ninformation with suppliers and other third parties. The Company relies on global suppliers that arealso  exposed  to  ransomware  and  other  malicious  attacks  that  can  disrupt  business  operations.  Although  the  Company  takes  steps  to  secure  confidentialinformation  that  is  provided  to  or  accessible  by  third  parties  working  on  the  Company’s  behalf,  such  measures  are  not  always  effective  and  losses  orunauthorized access to or releases of confidential information occur. Such incidents and other malicious attacks could materially adversely affect the Company’sbusiness, reputation, results of operations and financial condition.The  Company  experiences  malicious  attacks  and  other  attempts  to  gain  unauthorized  access  to  its  systems  on  a  regular  basis.  These  attacks  seek  tocompromise the confidentiality, integrity or availability of confidential information or disrupt normal business operations, and could, among other things, impairthe Company’s ability to attract and retain customers for its products and services, impact the price of the Company’s stock, materially damage commercialrelationships,  and  expose  the  Company  to  litigation  or  government  investigations,  which  could  result  in  penalties,  fines  or  judgments  against  the  Company.Globally,  attacks  are  expected  to  continue  accelerating  in  both  frequency  and  sophistication  with  increasing  use  by  actors  of  tools  and  techniques  that']","The COVID-19 pandemic has adversely affected the Company's business, results of operations, and financial condition. During the pandemic, certain component suppliers and manufacturing and logistical service providers experienced disruptions, resulting in supply shortages that affected sales worldwide. These disruptions were due to government-imposed measures such as travel restrictions, business closures, and quarantine orders, which curtailed global economic activity. The Company also relies on global suppliers that are exposed to ransomware and other malicious attacks, which can disrupt business operations. Such incidents could materially adversely affect the Company's business, reputation, results of operations, and financial condition. Collectively, these factors can impair the Company's ability to attract and retain customers, impact the price of its stock, damage commercial relationships, and expose the Company to litigation or government investigations, which could result in penalties, fines, or judgments against the Company. For a Compliance Officer, these disruptions and risks highlight the need to ensure accurate and timely SEC filings, as the Company must disclose material risks related to supply chain vulnerabilities and cyber threats, while also maintaining compliance with applicable regulations to avoid penalties and investigations.",,,,multi_hop_abstract_query_synthesizer
"How do the non-trade receivables from manufacturing vendors, as detailed in the Apple Inc. 2017 Form 10-K, relate to the revenue recognition from deferred revenue mentioned in the 2019 annual report?","['<1-hop>\n\nNon-Trade\nReceivablesThe Company has non-trade receivables from certain of its manufacturing vendors resulting from the sale of components to these vendors who manufacturesub-assemblies or assemble final products for the Company. The Company purchases these components directly from suppliers. As of September  30, 2017 , the Company had three vendors that individually represented 10% or more of total vendor non-trade receivables, which accounted for 42% , 19% and 10% . Asof September 24, 2016 ,  the Company had two vendors that individually represented 10% or more of total vendor non-trade receivables, which accounted for47% and 21% .Apple Inc. | 2017 Form 10-K | 53', '<2-hop>\n\n$5.9 billion of revenue recognized in 2019  that was included in deferred revenue as of September 29, 2018 , $5.8 billion of revenue recognized in 2018  thatwas  included  in  deferred  revenue  as  of September  30,  2017,  and $6.3  billion of  revenue  recognized  in 2017  that  was  included  in  deferred  revenue  as  ofSeptember 24, 2016. The  Company’s  proportion  of  net  sales  by  disaggregated  revenue  source  was  generally  consistent  for  each  reportable  segment  in  Note  11,  “SegmentInformation and Geographic Data” for 2019 , 2018 and 2017.Apple Inc. | 2019 Form 10-K | 37']","The non-trade receivables from manufacturing vendors, as disclosed in the 2017 Form 10-K, arise from the sale of components to vendors who manufacture sub-assemblies or final products for Apple. These receivables are part of Apple's financial position as of September 30, 2017. In contrast, the 2019 annual report discusses revenue recognized in 2019 that was previously included in deferred revenue as of September 29, 2018, and similarly for prior years, indicating how Apple recognizes revenue over time. While both segments are part of Apple's financial reporting, there is no direct connection between the specific non-trade receivables and the deferred revenue amounts; they are separate financial statement items that reflect different aspects of Apple's operations and revenue recognition practices.",,,,multi_hop_abstract_query_synthesizer
how apple hedge foreign currency risk and what document set include consolidated financial statements?,"['<1-hop>\n\n2025, the maximum length of time over which the Company is hedging its exposure to the variability in future cash flows for term debt–related foreign currencytransactions is 17 years.\nThe Company may also use derivative instruments that are not designated as accounting hedges to protect gross margins from certain fluctuations in foreignexchange rates, as well as to offset a portion of the foreign currency gains and losses generated by the remeasurement of certain assets and liabilitiesdenominated in non-functional currencies.\nInterest Rate Risk\nTo protect the Company’s term debt or marketable securities from fluctuations in interest rates, the Company may use interest rate swaps, options or other\ninstruments. The Company designates these instruments as either cash flow or fair value hedges.\nApple Inc. | 2025 Form 10-K | 38', '<2-hop>\n\nXBRL Document Set for the consolidated financial statements and accompanying notesin Part II, Item 8, “Financial Statements and Supplementary Data” of this Annual Report onForm 10-K.104**Inline  XBRL for the cover page of this Annual Report on Form 10-K, included in the Exhibit 101Inline XBRL Document Set.*Indicates management contract or compensatory plan or arrangement.**Filed herewith.***Furnished herewith.(1)Certain instruments defining the rights of holders of long-term debt securities of the Registrant are omitted pursuant to Item 601(b)(4)(iii) of Regulation S-K.The Registrant hereby undertakes to furnish to the SEC, upon request, copies of any such instruments.Item 16.    Form 10-K SummaryNone.Apple Inc. | 2021 Form 10-K | 59', '<3-hop>\n\nin the geographic, currency or channel mix, including to the extent that regulatory changes require the Company to modify its product and service offerings;fluctuations in foreign exchange rates; inflation and other macroeconomic pressures; and the introduction of new products or services, including new products orservices with higher cost structures. These and other factors could have a materially adverse impact on the Company’s results of operations and financial\ncondition.\nThe Company has historically experienced higher net sales in its first quarter compared to other quarters in its fiscal year due in part to seasonal holiday\ndemand. Additionally, new product and service introductions can significantly impact net sales, cost of sales and operating expenses. Further, the Companygenerates a significant portion of its net sales from a single product and a decline in demand for that product could significantly impact quarterly net sales. TheCompany could also be subject to unexpected developments, such as lower-than-anticipated demand for the Company’s products or services, issues with new\nproduct or service introductions, information technology system failures or network disruptions, or failure of one of the Company’s logistics, components supply,or manufacturing partners.\nApple Inc. | 2022 Form 10-K | 15']","Apple uses derivative instruments not designated as accounting hedges to protect gross margins from foreign exchange rate fluctuations and to offset foreign currency gains/losses from remeasurement of non-functional currency assets and liabilities. It also designates hedges for term debt-related foreign currency transactions with a maximum hedging period of 17 years. The XBRL document set includes the consolidated financial statements and accompanying notes as part of the Form 10-K, specifically in Part II, Item 8.",,,,multi_hop_abstract_query_synthesizer
"What is the maximum hedging duration for term debt-related foreign currency transactions, and how does the company assess loss contingencies for legal claims?","['<1-hop>\n\n2025, the maximum length of time over which the Company is hedging its exposure to the variability in future cash flows for term debt–related foreign currencytransactions is 17 years.\nThe Company may also use derivative instruments that are not designated as accounting hedges to protect gross margins from certain fluctuations in foreignexchange rates, as well as to offset a portion of the foreign currency gains and losses generated by the remeasurement of certain assets and liabilitiesdenominated in non-functional currencies.\nInterest Rate Risk\nTo protect the Company’s term debt or marketable securities from fluctuations in interest rates, the Company may use interest rate swaps, options or other\ninstruments. The Company designates these instruments as either cash flow or fair value hedges.\nApple Inc. | 2025 Form 10-K | 38', '<2-hop>\n\nwith  respect  to  loss  contingencies  for  asserted  legal  and  other  claims.  However,  the  outcome  of  legal  proceedings  and  claims  brought  against  theCompany is subject to significant uncertainty. Therefore, although management considers the likelihood of such an outcome to be remote, if one or more ofthese legal matters were resolved against the Company in a reporting period for amounts in excess of management’s expectations, the Company’s consolidatedfinancial statements for that reporting period could be materially adversely affected. See the risk factor “ The']","The maximum length of time over which the Company is hedging its exposure to the variability in future cash flows for term debt–related foreign currency transactions is 17 years. For loss contingencies, the Company considers the likelihood of an adverse outcome from legal claims to be remote, but if such matters were resolved against the Company in a reporting period for amounts exceeding management's expectations, the consolidated financial statements could be materially adversely affected.",,,,multi_hop_abstract_query_synthesizer
how company say its business day and what stuff it include for natural and man-made disasters?,"['<1-hop>\n\nbusiness day of the Registrant’s mostrecently completed second fiscal quarter, was approximately $1,070,633,000,000. Solely for purposes of this disclosure, shares of common stock held by executive officersand  directors  of  the  Registrant  as  of  such  date  have  been  excluded  because  such  persons  may  be  deemed  to  be  affiliates.  This  determination  of  executive  officers  anddirectors as affiliates is not necessarily a conclusive determination for any other purposes.17,001,802,000 shares of common stock were issued and outstanding as of Oc tober 16, 2020.DOCUMENTS INCORPORATED BY REFERENCE Portions of the Registrant’s definitive proxy statement relating to its 2021 annual meeting of shareholders (the “2021 Proxy Statement”) are incorporated by reference into PartIII of this Annual Report on Form 10-K where indicated. The 2021 Proxy Statement will be filed with the U.S. Securities and Exchange Commission within 120 days after theend of the fiscal year to which this report relates.', '<2-hop>\n\nnot  limited  to,  natural  and  man-made  disasters,  information  technologysystem failures, commercial disputes, military actions or economic, business, labor, environmental, public health, or political issues.The Company has invested in manufacturing process equipment, much of which is held at certain of its outsourcing partners, and has made prepayments tocertain of its suppliers associated with long-term supply agreements. While these arrangements help ensure the supply of components and finished goods, ifthese outsourcing partners or suppliers experience severe financial problems or other disruptions in their business, such continued supply could be reduced orterminated and the net realizable value of these assets could be negatively impacted.Apple Inc. | 2017 Form 10-K | 10']","The company, Apple Inc., discloses its business day as the date of its most recently completed second fiscal quarter, specifically noting that as of that date, approximately $1,070,633,000,000 in shares of common stock were held by non-affiliates, and as of October 16, 2020, there were 17,001,802,000 shares outstanding. It also mentions that natural and man-made disasters are among the risks it faces, which could include information technology system failures, commercial disputes, military actions, or economic, business, labor, environmental, public health, or political issues. Additionally, the company has invested in manufacturing process equipment and made prepayments to suppliers under long-term agreements, but if those partners face severe disruptions, supply could be reduced or terminated, and the value of assets could be negatively impacted.",,,,multi_hop_abstract_query_synthesizer
how does hedgin help wit foren exchange rate fluctations?,"['<1-hop>\n\n2025, the maximum length of time over which the Company is hedging its exposure to the variability in future cash flows for term debt–related foreign currencytransactions is 17 years.\nThe Company may also use derivative instruments that are not designated as accounting hedges to protect gross margins from certain fluctuations in foreignexchange rates, as well as to offset a portion of the foreign currency gains and losses generated by the remeasurement of certain assets and liabilitiesdenominated in non-functional currencies.\nInterest Rate Risk\nTo protect the Company’s term debt or marketable securities from fluctuations in interest rates, the Company may use interest rate swaps, options or other\ninstruments. The Company designates these instruments as either cash flow or fair value hedges.\nApple Inc. | 2025 Form 10-K | 38', '<2-hop>\n\nin the geographic, currency or channel mix, including to the extent that regulatory changes require the Company to modify its product and service offerings;fluctuations in foreign exchange rates; inflation and other macroeconomic pressures; and the introduction of new products or services, including new products orservices with higher cost structures. These and other factors could have a materially adverse impact on the Company’s results of operations and financial\ncondition.\nThe Company has historically experienced higher net sales in its first quarter compared to other quarters in its fiscal year due in part to seasonal holiday\ndemand. Additionally, new product and service introductions can significantly impact net sales, cost of sales and operating expenses. Further, the Companygenerates a significant portion of its net sales from a single product and a decline in demand for that product could significantly impact quarterly net sales. TheCompany could also be subject to unexpected developments, such as lower-than-anticipated demand for the Company’s products or services, issues with new\nproduct or service introductions, information technology system failures or network disruptions, or failure of one of the Company’s logistics, components supply,or manufacturing partners.\nApple Inc. | 2022 Form 10-K | 15']","The Company hedges its exposure to variability in future cash flows for term debt–related foreign currency transactions, with a maximum hedging period of 17 years. It also uses derivative instruments not designated as accounting hedges to protect gross margins from certain foreign exchange rate fluctuations and to offset foreign currency gains and losses from remeasurement of non-functional currency assets and liabilities.",,,,multi_hop_abstract_query_synthesizer
How does Apple Inc. account for net investment hedges in terms of effective portions and where are the ineffective portions recognized?,"['<1-hop>\n\n2025, the maximum length of time over which the Company is hedging its exposure to the variability in future cash flows for term debt–related foreign currencytransactions is 17 years.\nThe Company may also use derivative instruments that are not designated as accounting hedges to protect gross margins from certain fluctuations in foreignexchange rates, as well as to offset a portion of the foreign currency gains and losses generated by the remeasurement of certain assets and liabilitiesdenominated in non-functional currencies.\nInterest Rate Risk\nTo protect the Company’s term debt or marketable securities from fluctuations in interest rates, the Company may use interest rate swaps, options or other\ninstruments. The Company designates these instruments as either cash flow or fair value hedges.\nApple Inc. | 2025 Form 10-K | 38', '<2-hop>\n\nInvestment\nHedgesThe effective portions of net investment hedges are recorded in other comprehensive income (“OCI”) as a part of the cumulative translation adjustment. Theineffective portions and amounts excluded from the effectiveness testing of net investment hedges are recognized in other income/(expense), net.Fair\nValue\nHedgesGains and losses related to changes in fair value hedges are recognized in earnings along with a corresponding loss or gain related to the change in value ofthe underlying hedged item.Non-Designated\nDerivativesDerivatives that are not designated as hedging instruments are adjusted to fair value through earnings in the financial statement line item to which the derivativerelates.The Company records all derivatives in the Consolidated Balance Sheets at fair value. The Company’s accounting treatment for these derivative instruments isbased  on  its  hedge  designation.  The  following  tables  show  the  Company’s  derivative  instruments  at  gross  fair  value  as  of September  24,  2016 and September 26, 2015 (in millions):  2016  Fair Value of Derivatives Designatedas Hedge Instruments\xa0 Fair Value of Derivatives Not Designatedas Hedge Instruments\xa0 TotalFair ValueDerivative assets (1) :\xa0 \xa0 \xa0\xa0 \xa0Foreign exchange contracts$ 518 \xa0$153 \xa0$671Interest rate contracts$ 728 \xa0$— \xa0$728\xa0\xa0 \xa0 \xa0\xa0 \xa0Derivative liabilities (2) :\xa0 \xa0 \xa0\xa0 \xa0Foreign exchange contracts$ 935 \xa0$134 \xa0$1,069Interest rate contracts$ 7 \xa0$— \xa0$7 Apple Inc. | 2016 Form 10-K | 51']","The effective portions of net investment hedges are recorded in other comprehensive income (OCI) as part of the cumulative translation adjustment. The ineffective portions and amounts excluded from effectiveness testing are recognized in other income/(expense), net.",,,,multi_hop_abstract_query_synthesizer
what the company doing about cash flow variability and hedging in 2025? tell me about cash flow hedges for term debt and also how they protect against interest rate risk?,"['<1-hop>\n\n2025, the maximum length of time over which the Company is hedging its exposure to the variability in future cash flows for term debt–related foreign currencytransactions is 17 years.\nThe Company may also use derivative instruments that are not designated as accounting hedges to protect gross margins from certain fluctuations in foreignexchange rates, as well as to offset a portion of the foreign currency gains and losses generated by the remeasurement of certain assets and liabilitiesdenominated in non-functional currencies.\nInterest Rate Risk\nTo protect the Company’s term debt or marketable securities from fluctuations in interest rates, the Company may use interest rate swaps, options or other\ninstruments. The Company designates these instruments as either cash flow or fair value hedges.\nApple Inc. | 2025 Form 10-K | 38']","In 2025, the Company is hedging its exposure to the variability in future cash flows for term debt-related foreign currency transactions, with the maximum length of time for such hedging being 17 years. To protect against interest rate risk affecting term debt or marketable securities, the Company may use interest rate swaps, options, or other instruments, designating them as either cash flow or fair value hedges. Additionally, the Company may use derivative instruments not designated as accounting hedges to protect gross margins from certain fluctuations in foreign exchange rates and to offset a portion of foreign currency gains and losses from remeasurement of non-functional currency assets and liabilities.",,,,multi_hop_abstract_query_synthesizer
"hedging and network security, how company protect?","['<1-hop>\n\n2025, the maximum length of time over which the Company is hedging its exposure to the variability in future cash flows for term debt–related foreign currencytransactions is 17 years.\nThe Company may also use derivative instruments that are not designated as accounting hedges to protect gross margins from certain fluctuations in foreignexchange rates, as well as to offset a portion of the foreign currency gains and losses generated by the remeasurement of certain assets and liabilitiesdenominated in non-functional currencies.\nInterest Rate Risk\nTo protect the Company’s term debt or marketable securities from fluctuations in interest rates, the Company may use interest rate swaps, options or other\ninstruments. The Company designates these instruments as either cash flow or fair value hedges.\nApple Inc. | 2025 Form 10-K | 38', '<2-hop>\n\nor other irregularities. Forexample, third parties may attempt to fraudulently induce employees or customers into disclosing user names, passwords or other sensitive information, whichmay in turn be used to access the Company’s information technology systems. To help protect customers and the Company, the Company monitors accountsand systems for unusual activity and may freeze accounts under suspicious circumstances, which may result in the delay or loss of customer orders.The Company devotes significant resources to network security, data encryption and other security measures to protect its systems and data, but these securitymeasures cannot provide absolute security. To the extent the Company was to experience a breach of its systems and was unable to protect sensitive data,such a breach could materially damage business partner and customer relationships, and curtail or otherwise adversely impact access to online stores andservices. Moreover, if a computer security breach affects the Company’s systems or results in the unauthorized release of PII, the Company’s reputation andbrand  could  be  materially  damaged,  use  of  the  Company’s  products  and  services  could  decrease,  and  the  Company  could  be  exposed  to  a  risk  of  loss  orlitigation and possible liability. While the Company maintains insurance coverage that, subject to policy terms and conditions and subject to a significant self-insured retention, is designed to address certain aspects of cyber']","The company hedges exposure to variability in future cash flows for term debt–related foreign currency transactions for up to 17 years, and may use derivatives not designated as hedges to protect gross margins from foreign exchange fluctuations. For network security, the company monitors accounts and systems for unusual activity, may freeze suspicious accounts, and devotes significant resources to network security, data encryption, and other measures to protect systems and data, though absolute security cannot be guaranteed.",,,,multi_hop_abstract_query_synthesizer
what is hedging for cash flow and how is ASU 2016-01 relatin to that?,"['<1-hop>\n\n2025, the maximum length of time over which the Company is hedging its exposure to the variability in future cash flows for term debt–related foreign currencytransactions is 17 years.\nThe Company may also use derivative instruments that are not designated as accounting hedges to protect gross margins from certain fluctuations in foreignexchange rates, as well as to offset a portion of the foreign currency gains and losses generated by the remeasurement of certain assets and liabilitiesdenominated in non-functional currencies.\nInterest Rate Risk\nTo protect the Company’s term debt or marketable securities from fluctuations in interest rates, the Company may use interest rate swaps, options or other\ninstruments. The Company designates these instruments as either cash flow or fair value hedges.\nApple Inc. | 2025 Form 10-K | 38', '<2-hop>\n\nInstrumentsIn January 2016, the FASB issued ASU No. 2016-01, Financial\nInstruments \n–\nOverall\n(Subtopic\n825-10):\nRecognition\nand\nMeasurement\nof\nFinancial\nAssets\nandFinancial \nLiabilities\n(“ASU  2016-01”),  which  updates  certain  aspects  of  recognition,  measurement,  presentation  and  disclosure  of  financial  instruments.  TheCompany will adopt ASU 2016-01 in its first quarter of 2019 utilizing the modified retrospective transition method. Based on the composition of the Company’sinvestment portfolio, the adoption of ASU 2016-01 is not expected to have a material impact on its consolidated financial statements.In June 2016, the FASB issued ASU No. 2016-13, Financial \nInstruments\n–\nCredit\nLosses\n(Topic\n326):\nMeasurement\nof\nCredit\nLosses\non\nFinancial\nInstruments(“ASU 2016-13”), which modifies the measurement of expected credit losses of certain financial instruments. The Company will adopt ASU 2016-13 in its firstquarter  of  2021  utilizing  the  modified  retrospective  transition  method.  Based  on  the  composition  of  the  Company’s  investment  portfolio,  current  marketconditions, and historical credit loss activity, the adoption of ASU 2016-13 is not expected to have a material impact on its consolidated financial statements.Revenue\nRecognitionIn May 2014, the FASB issued ASU No. 2014-09, Revenue\nfrom \nContracts\nwith\nCustomers\n(Topic\n606)']","Hedging for cash flow is when the company uses derivative instruments, like interest rate swaps, options or other instruments, to protect its term debt or marketable securities from fluctuations in interest rates, and it designates these instruments as either cash flow or fair value hedges. The maximum length of time the company is hedging its exposure to variability in future cash flows for term debt-related foreign currency transactions is 17 years. ASU 2016-01 is a financial instruments update issued by the FASB in January 2016, which updates certain aspects of recognition, measurement, presentation and disclosure of financial instruments. The company will adopt ASU 2016-01 in its first quarter of 2019 using the modified retrospective transition method, and based on the composition of its investment portfolio, the adoption is not expected to have a material impact on its consolidated financial statements.",,,,multi_hop_abstract_query_synthesizer
"what happens to stock units when there is a extraordinary cash dividend, and how do dividend equivalent rights relate to ordinary cash dividends?","['<1-hop>\n\nParticipant’s behalf, toany brokerage firm and/or third party administrator engaged by the Company to hold the Participant’s Shares and other amounts acquired under thePlan to re-convey, transfer or otherwise return such Shares and/or other amounts to the Company. This Section 9 is not the Company’s exclusiveremedy with respect to such matters.10.      Adjustments Upon Specified Events .  Upon the occurrence of certain events relating to the Company’s stock contemplated bySection  11  of  the  Plan  (including,  without  limitation,  an  extraordinary  cash  dividend  on  such  stock),  the  Committee  shall  make  adjustments  inaccordance with such section in the number of Stock Units then outstanding and the number and kind of securities that may be issued in respect ofthe Award. No such adjustment shall be made with respect to any ordinary cash dividend for which Dividend Equivalent Rights are credited pursuantto Section 5(b).11.      Responsibility for Taxes .  The  Participant  acknowledges  that,  regardless  of  any  action  the  Company  and/or  the  Participant’semployer  (the  “ Employer ”)  take  with  respect  to  any  or  all  income  tax  (including  U.S.  federal,  state  and  local  tax  and/or  non-U.S.  tax),  socialinsurance, payroll tax, payment on account or other tax-related items related to the Participant’s participation in the Plan and legally applicable to theParticipant or deemed by the Company or the Employer to be an appropriate charge to the']","When there is an extraordinary cash dividend on the company's stock, the Committee makes adjustments in accordance with Section 11 of the Plan to the number of Stock Units then outstanding and the number and kind of securities that may be issued in respect of the Award. However, no such adjustment is made with respect to any ordinary cash dividend for which Dividend Equivalent Rights are credited pursuant to Section 5(b).",,,,multi_hop_abstract_query_synthesizer
How does the Company's hedging strategy for foreign currency risk relate to its reported gross margin performance and the potential impact of foreign currency fluctuations?,"['<1-hop>\n\n2025, the maximum length of time over which the Company is hedging its exposure to the variability in future cash flows for term debt–related foreign currencytransactions is 17 years.\nThe Company may also use derivative instruments that are not designated as accounting hedges to protect gross margins from certain fluctuations in foreignexchange rates, as well as to offset a portion of the foreign currency gains and losses generated by the remeasurement of certain assets and liabilitiesdenominated in non-functional currencies.\nInterest Rate Risk\nTo protect the Company’s term debt or marketable securities from fluctuations in interest rates, the Company may use interest rate swaps, options or other\ninstruments. The Company designates these instruments as either cash flow or fair value hedges.\nApple Inc. | 2025 Form 10-K | 38', '<2-hop>\n\nProducts and Services gross margin and gross margin percentage for 2021, 2020 and 2019 were as follows (dollars in millions):2021 2020 2019 Gross margin:Products$ 105,126 $69,461 $68,887 Services47,710 35,495 29,505 Total gross margin$ 152,836 $104,956 $98,392 Gross margin percentage:Products35.3 %31.5 %32.2 %Services69.7 %66.0 %63.7 %Total gross margin percentage41.8 %38.2 %37.8 %Products Gross MarginProducts gross margin increased during 2021 compared to 2020 due primarily to higher Products volume, a different Products mix and the strength in foreigncurrencies relative to the U.S. dollar. Products gross margin percentage increased during 2021 compared to 2020 due primarily to a different Products mix,improved leverage and the strength in foreign currencies relative to the U.S. dollar.Services Gross MarginServices gross margin increased during 2021 compared to 2020 due primarily to higher Services net sales and a different Services mix. Services gross marginpercentage increased during 2021 compared to 2020 due primarily to a different Services mix and improved leverage, partially offset by higher Services costs.The Company’s future gross margins can be impacted by a variety of factors, as discussed in Part I, Item 1A of this Form 10-K under the heading “Risk Factors.”As a result, the Company believes, in general, gross margins will be subject to volatility and downward pressure.Operating ExpensesOperating expenses for 2021, 2020 and 2019 were as follows (dollars in']","The Company uses derivative instruments not designated as accounting hedges to protect gross margins from certain fluctuations in foreign exchange rates, aiming to offset foreign currency gains and losses from asset and liability remeasurement. In 2021, gross margins benefited from 'the strength in foreign currencies relative to the U.S. dollar,' which positively impacted Products gross margin and percentage. Therefore, the hedging strategy is designed to mitigate the adverse effects of such fluctuations on gross margins, while actual foreign currency strength can also contribute positively to margin performance.",,,,multi_hop_abstract_query_synthesizer
How does the company account for revenue from its digital content platforms and what effect does consumer anticipation have on its net sales?,"['<1-hop>\n\nInstrumentsIn January 2016, the FASB issued ASU No. 2016-01, Financial\nInstruments \n–\nOverall\n(Subtopic\n825-10):\nRecognition\nand\nMeasurement\nof\nFinancial\nAssets\nandFinancial \nLiabilities\n(“ASU  2016-01”),  which  updates  certain  aspects  of  recognition,  measurement,  presentation  and  disclosure  of  financial  instruments.  TheCompany will adopt ASU 2016-01 in its first quarter of 2019 utilizing the modified retrospective transition method. Based on the composition of the Company’sinvestment portfolio, the adoption of ASU 2016-01 is not expected to have a material impact on its consolidated financial statements.In June 2016, the FASB issued ASU No. 2016-13, Financial \nInstruments\n–\nCredit\nLosses\n(Topic\n326):\nMeasurement\nof\nCredit\nLosses\non\nFinancial\nInstruments(“ASU 2016-13”), which modifies the measurement of expected credit losses of certain financial instruments. The Company will adopt ASU 2016-13 in its firstquarter  of  2021  utilizing  the  modified  retrospective  transition  method.  Based  on  the  composition  of  the  Company’s  investment  portfolio,  current  marketconditions, and historical credit loss activity, the adoption of ASU 2016-13 is not expected to have a material impact on its consolidated financial statements.Revenue\nRecognitionIn May 2014, the FASB issued ASU No. 2014-09, Revenue\nfrom \nContracts\nwith\nCustomers\n(Topic\n606)', '<2-hop>\n\nServices\nAdvertising\nThe Company’s advertising services include various third-party licensing arrangements and the Company’s own advertising platforms.\nAppleCare\nThe Company offers a portfolio of fee-based service and support products under the AppleCare brand. The offerings provide priority access to Apple technicalsupport, access to the global Apple authorized service network for repair and replacement services, and in many cases additional coverage for instances ofaccidental damage and/or theft and loss, depending on the country and type of product.\nCloud Services\nThe Company’s cloud services store and keep customers’ content up-to-date and available across multiple Apple devices and Windows personal computers.\nDigital Content\nThe Company operates various platforms, including the App Store, that allow customers to discover and download applications and digital content, such as\nbooks, music, video, games and podcasts.\nThe Company also offers digital content through subscription-based services, including Apple Arcade, a game subscription service; Apple Fitness+, a\npersonalized fitness service; Apple Music, which offers users a curated listening experience with on-demand radio stations; Apple News+, a subscription newsand magazine service; and Apple TV+, which offers exclusive original content and live sports.\nPayment Services\nThe Company offers payment services, including Apple Card, a co-branded credit card, and Apple Pay, a cashless payment service.', '<3-hop>\n\nBusiness Seasonality and Product Introductions\nThe Company has historically experienced higher net sales in its first quarter compared to other quarters in its fiscal year due in part to seasonal holidaydemand. Additionally, new product and service introductions can significantly impact net sales, cost of sales and operating expenses. The timing of product\nintroductions can also impact the Company’s net sales to its indirect distribution channels as these channels are filled with new inventory following a productlaunch, and channel inventory of an older product often declines as the launch of a newer product approaches. Net sales can also be affected when consumers\nand distributors anticipate a product introduction.\nHuman Capital\nThe Company believes it has a talented, motivated and dedicated team, and works to create an inclusive, safe and supportive environment for all of its team\nmembers. As of September 30, 2023, the Company had approximately 161,000 full-time equivalent employees.\nWorkplace Practices and Policies\nThe Company is an equal opportunity employer committed to inclusion and diversity and to providing a workplace free of harassment or discrimination.\nCompensation and Benefits\nThe Company believes that compensation should be competitive and equitable, and should enable employees to share in the Company’s success. The']","The company recognizes revenue from digital content platforms, such as the App Store, and subscription-based services like Apple Music and Apple TV+, in accordance with ASU 2014-09, Revenue from Contracts with Customers (Topic 606). Consumer anticipation of product introductions can affect net sales, as net sales can be impacted when consumers and distributors anticipate a product introduction.",,,,multi_hop_abstract_query_synthesizer
"What is the maximum duration for which the Company hedges its exposure to variability in future cash flows related to term debt foreign currency transactions, and how might this hedging relate to cash flow variability?","['<1-hop>\n\n2025, the maximum length of time over which the Company is hedging its exposure to the variability in future cash flows for term debt–related foreign currencytransactions is 17 years.\nThe Company may also use derivative instruments that are not designated as accounting hedges to protect gross margins from certain fluctuations in foreignexchange rates, as well as to offset a portion of the foreign currency gains and losses generated by the remeasurement of certain assets and liabilitiesdenominated in non-functional currencies.\nInterest Rate Risk\nTo protect the Company’s term debt or marketable securities from fluctuations in interest rates, the Company may use interest rate swaps, options or other\ninstruments. The Company designates these instruments as either cash flow or fair value hedges.\nApple Inc. | 2025 Form 10-K | 38']","The maximum duration for hedging exposure to variability in future cash flows for term debt–related foreign currency transactions is 17 years, as stated in the 2025 Form 10-K. This hedging directly addresses cash flow variability by mitigating the impact of foreign currency fluctuations on future cash flows associated with term debt, thereby stabilizing expected cash flows over the long term.",,,,multi_hop_abstract_query_synthesizer
how the company's focus on innovation and intellectual property tie into its annual meeting of shareholders and why the prohibition on trading in derivatives matters?,"['<1-hop>\n\ncomponents on commercially reasonable terms, or at all.\nResearch and Development\nBecause the industries in which the Company competes are characterized by rapid technological advances, the Company’s ability to compete successfully\ndepends heavily upon its ability to ensure a continual and timely flow of competitive products, services and technologies to the marketplace. The Companycontinues to develop new technologies to enhance existing products and services, and to expand the range of its offerings through research and development\n(“R&D”), licensing of intellectual property and acquisition of third-party businesses and technology.\nIntellectual Property\nThe Company currently holds a broad collection of intellectual property rights relating to certain aspects of its hardware, software and services. This includes\npatents, designs, copyrights, trademarks, trade secrets and other forms of intellectual property rights in the U.S. and various foreign countries. Although theCompany believes the ownership of such intellectual property rights is an important factor in differentiating its business and that its success does depend in part\non such ownership, the Company relies primarily on the innovative skills, technical competence and marketing abilities of its personnel.', '<2-hop>\n\nbusiness day of the Registrant’s mostrecently completed second fiscal quarter, was approximately $1,070,633,000,000. Solely for purposes of this disclosure, shares of common stock held by executive officersand  directors  of  the  Registrant  as  of  such  date  have  been  excluded  because  such  persons  may  be  deemed  to  be  affiliates.  This  determination  of  executive  officers  anddirectors as affiliates is not necessarily a conclusive determination for any other purposes.17,001,802,000 shares of common stock were issued and outstanding as of Oc tober 16, 2020.DOCUMENTS INCORPORATED BY REFERENCE Portions of the Registrant’s definitive proxy statement relating to its 2021 annual meeting of shareholders (the “2021 Proxy Statement”) are incorporated by reference into PartIII of this Annual Report on Form 10-K where indicated. The 2021 Proxy Statement will be filed with the U.S. Securities and Exchange Commission within 120 days after theend of the fiscal year to which this report relates.', '<3-hop>\n\ncompany.\nNo Trading During Restricted Trading Periods. If you are subject to a restricted trading period, you must not buy or sell Apple securities\nwhile trading restrictions are in effect.\nNo Short Sales, Hedging or Trading in Derivatives. Short sales, transactions that hedge or offset, or are designed to hedge or offset, any\ndecrease in the value of Apple securities, and transactions in derivatives of Apple securities, are prohibited at all times. This includes\ntransactions involving prepaid variable forward contracts, equity swaps, collars, options, warrants, puts, calls, or similar instruments related to\nApple securities. Additionally, members of Apple’s Board of Directors and executive officers are prohibited from pledging Apple stock as\ncollateral.\nUpdated September 2024 2']","The company's focus on innovation and intellectual property is a key part of its competitive strategy, as it relies on continuous R&D and a broad collection of patents, designs, copyrights, and trade secrets to differentiate its business. This is mentioned in the context to highlight the importance of intellectual assets. The annual meeting of shareholders is where the company's proxy statement, which includes governance and other matters, is filed, and the context notes that the 2021 Proxy Statement will be filed within 120 days after the end of the fiscal year. The prohibition on trading in derivatives is part of the company's insider trading policy, which prohibits short sales, hedging, and transactions in derivatives of Apple securities at all times, including for board members and executive officers, to prevent conflicts of interest and ensure compliance with securities laws. These elements together reflect the company's governance and market position, but the context does not explicitly link them; the query asks for a connection that is inferable from the themes.",,,,multi_hop_abstract_query_synthesizer
so like iPad sales went down in 2022 from 2021 because of iPad Pro and also what was the market cap on the business day of the registrant's most recently completed second fiscal quarter and how many shares were outstanding as of October 16 2020?,"['<1-hop>\n\niPad\niPad net sales decreased during 2022 compared to 2021 due primarily to lower net sales of iPad Pro.\nWearables, Home and Accessories\nWearables, Home and Accessories net sales increased during 2022 compared to 2021 due primarily to higher net sales of Apple Watch and AirPods.\nServices\nServices net sales increased during 2022 compared to 2021 due primarily to higher net sales from advertising, cloud services and the App Store.\n (1)\n(1)\n (1)\n(1)(2)\n(3)\nApple Inc. | 2022 Form 10-K | 21', '<2-hop>\n\nbusiness day of the Registrant’s mostrecently completed second fiscal quarter, was approximately $1,070,633,000,000. Solely for purposes of this disclosure, shares of common stock held by executive officersand  directors  of  the  Registrant  as  of  such  date  have  been  excluded  because  such  persons  may  be  deemed  to  be  affiliates.  This  determination  of  executive  officers  anddirectors as affiliates is not necessarily a conclusive determination for any other purposes.17,001,802,000 shares of common stock were issued and outstanding as of Oc tober 16, 2020.DOCUMENTS INCORPORATED BY REFERENCE Portions of the Registrant’s definitive proxy statement relating to its 2021 annual meeting of shareholders (the “2021 Proxy Statement”) are incorporated by reference into PartIII of this Annual Report on Form 10-K where indicated. The 2021 Proxy Statement will be filed with the U.S. Securities and Exchange Commission within 120 days after theend of the fiscal year to which this report relates.']","iPad net sales decreased during 2022 compared to 2021 primarily due to lower net sales of iPad Pro. The aggregate market value of common stock held by non-affiliates on the business day of the registrant's most recently completed second fiscal quarter was approximately $1,070,633,000,000. As of October 16, 2020, 17,001,802,000 shares of common stock were issued and outstanding.",,,,multi_hop_abstract_query_synthesizer
"Wich courts have exclusive jurisdicton over disputes arising from the award agreement, and how does the choice of venue relate to the Northern District of California and the State of California?","['<1-hop>\n\nChoice  of  Venue .  For  purposes  of  litigating  any  dispute  that  arises  directly  or  indirectly  from  the  relationship  of  the  partiesevidenced by this grant or this Award Agreement, the parties hereby submit to the exclusive jurisdiction of the State of California and agree thatsuch litigation shall be conducted only in the courts of Santa Clara County, California, or the federal courts for the Northern District of California, andno other courts, where this grant is made and/or to be performed.22.      Construction . It is intended that the terms of the Award will not result in the imposition of any tax liability pursuant to Section 409Aof the Code. This Award Agreement shall be construed and interpreted consistent with that intent.23.      Severability . The provisions of this Award Agreement are severable and if any one of more provisions are determined to be illegalor otherwise unenforceable, in whole or in part, the remaining provisions shall nevertheless be binding and enforceable.24.      Imposition  of  Other  Requirements .  The  Company  reserves  the  right  to  impose  other  requirements  on  the  Participant’sparticipation in the Plan, on the Stock Units and on any Shares acquired under the Plan, to the extent the Company determines it is necessary oradvisable  for  legal  or  administrative  reasons,  and  to  require  the  Participant  to  sign  any  additional  agreements  or  undertakings  that  may  benecessary to accomplish the']","Disputes under the award agreement are subject to the exclusive jurisdiction of the State of California and must be litigated only in the courts of Santa Clara County, California, or the federal courts for the Northern District of California, with no other courts permitted. This choice of venue designates these specific courts as the exclusive forums for any litigation arising from the relationship evidenced by the grant or Award Agreement.",,,,multi_hop_abstract_query_synthesizer
"whts the max time period over wich the cmpany hedges exposure to variabylity in future cash flows for term debt-related foreign currency transactions, and how does this relate to the use of cash flow hedges for interest rate risk?","['<1-hop>\n\n2025, the maximum length of time over which the Company is hedging its exposure to the variability in future cash flows for term debt–related foreign currencytransactions is 17 years.\nThe Company may also use derivative instruments that are not designated as accounting hedges to protect gross margins from certain fluctuations in foreignexchange rates, as well as to offset a portion of the foreign currency gains and losses generated by the remeasurement of certain assets and liabilitiesdenominated in non-functional currencies.\nInterest Rate Risk\nTo protect the Company’s term debt or marketable securities from fluctuations in interest rates, the Company may use interest rate swaps, options or other\ninstruments. The Company designates these instruments as either cash flow or fair value hedges.\nApple Inc. | 2025 Form 10-K | 38']","The maximum length of time over which the Company hedges its exposure to variability in future cash flows for term debt-related foreign currency transactions is 17 years, as of 2025. This hedging activity is part of the Company’s broader use of cash flow hedges, which also includes protecting against fluctuations in interest rates by designating interest rate swaps, options, or other instruments as cash flow hedges. Additionally, the Company may use derivative instruments not designated as accounting hedges to protect gross margins from foreign exchange fluctuations and to offset remeasurement gains and losses on certain assets and liabilities.",,,,multi_hop_abstract_query_synthesizer
How does Apple's hedging strategy relate to the COVID-19 pandemic impact?,"['<1-hop>\n\n2025, the maximum length of time over which the Company is hedging its exposure to the variability in future cash flows for term debt–related foreign currencytransactions is 17 years.\nThe Company may also use derivative instruments that are not designated as accounting hedges to protect gross margins from certain fluctuations in foreignexchange rates, as well as to offset a portion of the foreign currency gains and losses generated by the remeasurement of certain assets and liabilitiesdenominated in non-functional currencies.\nInterest Rate Risk\nTo protect the Company’s term debt or marketable securities from fluctuations in interest rates, the Company may use interest rate swaps, options or other\ninstruments. The Company designates these instruments as either cash flow or fair value hedges.\nApple Inc. | 2025 Form 10-K | 38', '<2-hop>\n\nimpact the Company’s business, results ofoperations and financial condition, as well as the price of the Company’s stock.During 2021, aspects of the Company’s business continued to be affected by the COVID-19 pandemic, with many of the Company’s retail stores, as well aschannel partner points of sale, temporarily closed at various times, and a significant number of the Company’s employees working remotely. The Company hasreopened all of its retail stores and substantially all of its other facilities, subject to operating restrictions to protect public health and the health and safety ofemployees and customers, and it continues to work on safely reopening the remainder of its facilities, subject to local rules and regulations. During the fourthquarter  of  2021,  certain  of  the  Company’s  component  suppliers  and  logistical  service  providers  experienced  disruptions,  resulting  in  supply  shortages  thataffected sales worldwide. Similar disruptions could occur in the future.The extent of the continuing impact of the COVID-19 pandemic on the Company’s operational and financial performance is uncertain and will depend on manyfactors outside the Company’s control, including the timing, extent, trajectory and duration of the pandemic, the emergence of new variants, the development,availability, distribution and effectiveness of vaccines and treatments, the imposition of protective public safety measures, and the impact of the pandemic on theglobal economy and demand for']","Apple's hedging strategy, which includes using derivative instruments to protect against foreign exchange and interest rate fluctuations, is part of its risk management. The COVID-19 pandemic impacted Apple's business, causing temporary store closures and supply disruptions, which affected sales. The pandemic's uncertainty is a risk factor that hedging cannot fully mitigate, but hedging helps manage financial fluctuations caused by such events. The context does not explicitly link the two, but the hedging strategy is used to protect against financial variability, which is relevant during uncertain times like the pandemic.",,,,multi_hop_abstract_query_synthesizer
How supply chain issues affect inventories?,"['<1-hop>\n\nAlthough most components essential to the Company’s business are generally available from multiple sources, certain components are currently obtained from\nsingle or limited sources. The Company also competes for various components with other participants in the markets for smartphones, personal computers,tablets, wearables and accessories. Therefore, many components used by the Company, including those that are available from multiple sources, are at times\nsubject to industry-wide shortage and significant commodity pricing fluctuations. Restrictions on international trade can increase the cost or limit the availability ofthe Company’s products and the components and rare earths and other raw materials that go into them.\nThe Company uses some custom components that are not commonly used by its competitors, and new products introduced by the Company often utilize\ncustom components available from only one source. When a component or product uses new technologies, initial capacity constraints may exist until thesuppliers’ yields have matured or their manufacturing capacities have increased. The Company has entered into agreements for the supply of many', '<2-hop>\n\nCONSOLIDATED BALANCE SHEETS(In millions, except number of shares which are reflected in thousands and par value)\xa0September 28, 2019\xa0 September 29, 2018ASSETS:Current assets:\xa0 \xa0 \xa0Cash and cash equivalents$ 48,844\xa0$25,913Marketable securities51,713 \xa040,388 Accounts receivable, net22,926 \xa023,186 Inventories4,106 \xa03,956 Vendor non-trade receivables22,878 \xa025,809 Other current assets12,352 \xa012,087 Total current assets162,819 \xa0131,339\xa0\xa0 \xa0 \xa0Non-current assets:\xa0 \xa0 \xa0Marketable securities105,341 \xa0170,799Property, plant and equipment, net37,378 \xa041,304 Other non-current assets32,978 \xa022,283 Total non-current assets175,697 \xa0234,386Total assets$ 338,516\xa0$365,725\xa0\xa0 \xa0 \xa0LIABILITIES AND SHAREHOLDERS’ EQUITY:Current liabilities:\xa0 \xa0 \xa0Accounts payable$ 46,236\xa0$55,888Other current liabilities37,720 \xa033,327 Deferred revenue5,522 \xa05,966 Commercial paper5,980 \xa011,964 Term debt10,260 \xa08,784 Total current liabilities105,718 \xa0115,929\xa0\xa0 \xa0 \xa0Non-current liabilities:\xa0 \xa0 \xa0Term debt91,807 \xa093,735 Other non-current liabilities50,503 \xa048,914 Total non-current liabilities142,310 \xa0142,649Total liabilities248,028 \xa0258,578\xa0\xa0 \xa0 \xa0Commitments and contingencies\xa0 \xa0\xa0 \xa0 \xa0Shareholders’ equity:\xa0 \xa0 \xa0Common stock and additional paid-in capital, $0.00001 par value: 12,600,000 shares authorized;4,443,236 and 4,754,986 shares issued and outstanding, respectively45,174 \xa040,201 Retained earnings45,898 \xa070,400 Accumulated other comprehensive income/(loss)(584 )\xa0(3,454 )Total shareholders’ equity90,488 \xa0107,147Total liabilities']","Supply chain issues, like single or limited sources for components and industry-wide shortages, impact inventories. The balance sheet shows inventories of $4,106 million in 2019, up from $3,956 million in 2018, reflecting these supply chain challenges and their effect on inventory levels.",,,,multi_hop_abstract_query_synthesizer
"wht is teh max time period teh compnay hedges cash flow variabilty for term debt-related forex transactions, and wat instruments do they use to protect against interest rate fluctutations?","['<1-hop>\n\n2025, the maximum length of time over which the Company is hedging its exposure to the variability in future cash flows for term debt–related foreign currencytransactions is 17 years.\nThe Company may also use derivative instruments that are not designated as accounting hedges to protect gross margins from certain fluctuations in foreignexchange rates, as well as to offset a portion of the foreign currency gains and losses generated by the remeasurement of certain assets and liabilitiesdenominated in non-functional currencies.\nInterest Rate Risk\nTo protect the Company’s term debt or marketable securities from fluctuations in interest rates, the Company may use interest rate swaps, options or other\ninstruments. The Company designates these instruments as either cash flow or fair value hedges.\nApple Inc. | 2025 Form 10-K | 38']","The maximum length of time over which the Company is hedging its exposure to the variability in future cash flows for term debt–related foreign currency transactions is 17 years. To protect the Company’s term debt or marketable securities from fluctuations in interest rates, the Company may use interest rate swaps, options or other instruments.",,,,multi_hop_abstract_query_synthesizer
"How does the company's hedging strategy for term debt-related foreign currency transactions relate to the risks associated with third-party content licensing, and what is the maximum duration of such hedging?","['<1-hop>\n\nwith these third parties are for relatively short terms and do not guarantee the continuation orrenewal of these arrangements on reasonable terms, if at all. Some third-party content providers and distributors currently or in the future may offer competingproducts and services, and could take action to make it more difficult or impossible for the Company to license or otherwise distribute their content in the future.Other content owners, providers or distributors may seek to limit the Company’s access to, or increase the cost of, such content. The Company may be unableto continue to offer a wide variety of content at reasonable prices with acceptable usage rules, or continue to expand its geographic reach. Failure to obtain theright to make available third-party digital content, or to make available such content on commercially reasonable terms, could have a material adverse impact onthe Company’s financial condition and operating results.Some third-party digital content providers require the Company to provide digital rights management and other security solutions. If requirements change, theCompany may have to develop or license new technology to provide these solutions. There is no assurance the Company will be able to develop or license suchsolutions at a reasonable cost and in a timely manner. In addition, certain countries have passed or may propose and adopt legislation that would force theCompany  to  license  its  digital  rights  management,  which  could  lessen', '<2-hop>\n\n2025, the maximum length of time over which the Company is hedging its exposure to the variability in future cash flows for term debt–related foreign currencytransactions is 17 years.\nThe Company may also use derivative instruments that are not designated as accounting hedges to protect gross margins from certain fluctuations in foreignexchange rates, as well as to offset a portion of the foreign currency gains and losses generated by the remeasurement of certain assets and liabilitiesdenominated in non-functional currencies.\nInterest Rate Risk\nTo protect the Company’s term debt or marketable securities from fluctuations in interest rates, the Company may use interest rate swaps, options or other\ninstruments. The Company designates these instruments as either cash flow or fair value hedges.\nApple Inc. | 2025 Form 10-K | 38']","The company uses hedging to manage risks from foreign currency fluctuations on term debt, with a maximum hedging period of 17 years for term debt-related foreign currency transactions. This is separate from the risks of third-party content licensing, which involve potential failure to obtain or renew content licenses on reasonable terms, impacting financial condition. While the context does not directly link these two topics, the query asks to compare them, and the answer clarifies that no direct relation is mentioned.",,,,multi_hop_abstract_query_synthesizer
"How apple hedge foreign currency risk in 2025, what max time for term debt?","['<1-hop>\n\n2025, the maximum length of time over which the Company is hedging its exposure to the variability in future cash flows for term debt–related foreign currencytransactions is 17 years.\nThe Company may also use derivative instruments that are not designated as accounting hedges to protect gross margins from certain fluctuations in foreignexchange rates, as well as to offset a portion of the foreign currency gains and losses generated by the remeasurement of certain assets and liabilitiesdenominated in non-functional currencies.\nInterest Rate Risk\nTo protect the Company’s term debt or marketable securities from fluctuations in interest rates, the Company may use interest rate swaps, options or other\ninstruments. The Company designates these instruments as either cash flow or fair value hedges.\nApple Inc. | 2025 Form 10-K | 38']","Apple hedges foreign currency risk by using derivative instruments not designated as accounting hedges to protect gross margins from foreign exchange rate fluctuations and offset gains/losses from remeasuring non-functional currency assets and liabilities. For term debt-related foreign currency transactions, the maximum hedging duration is 17 years.",,,,multi_hop_abstract_query_synthesizer
"What constitutes material nonpublic information, and how does its misuse relate to insider trading prohibitions within the policy?","['<1-hop>\n\nIn addition to the above prohibitions, this policy includes important additional information.\n“Material” Nonpublic Information\nDetermining whether information is “material” requires consideration of all relevant facts and circumstances. In general, information is\nmaterial if it would likely be considered important by an investor who is deciding whether to buy or sell a security, or if the information is likely\nto have a significant effect on the market price of the security. Both positive and negative information may be material. “Materiality” is different\nfor different companies. Information that is not material to Apple may be material to another company.\n“Nonpublic” Information\n“Nonpublic” information means information that has not been previously disclosed to the general public and is otherwise not available to the\ngeneral public. Information should be considered nonpublic for at least 24 hours after it has been distributed to the general public through a\npress release, filing with the SEC, or similar means. The circulation of rumors, even if accurate and reported in the media, is not considered\neffective public distribution.\nPolicy Violations\nApple personnel who violate this policy may be subject to disciplinary action, including termination of employment and repayment of\nequity awards. Additionally, individuals who engage in illegal insider trading or tipping can be liable for substantial criminal and civil\npenalties.']","Material nonpublic information is information that an investor would likely consider important in deciding whether to buy or sell a security, or information likely to have a significant effect on the market price, and it has not been disclosed to the general public or is not otherwise available to the public for at least 24 hours after disclosure. Misuse of such information, such as engaging in illegal insider trading or tipping, can lead to substantial criminal and civil penalties, as well as disciplinary action including termination and repayment of equity awards, as outlined in the policy.",,,,multi_hop_abstract_query_synthesizer
What are the voting rights of Stock Grant holders under the Plan and how are they connected to the annual meeting of shareholders?,"['<1-hop>\n\nVoting and Dividend Rights. The holder of a Stock Grant awarded under the Plan shall have the same voting, dividend and other rights as theCompany’s other shareholders, except as otherwise stated in the Stock Grant Agreement; provided, however, that any dividends as to the portion ofa Stock Grant that is subject to performance-based vesting requirements will be subject to forfeiture and termination (or repayment, as applicable) tothe same extent as the corresponding portion of the Stock Grant to which such dividends relate. A Stock Grant Agreement may require that theholder of such Stock Grant invest any cash dividends received in additional Shares subject to the Stock Grant. Such additional Shares and anyShares received as a dividend pursuant to the Stock Grant shall be subject to the same conditions and restrictions as the Stock Grant with respectto which the dividends were paid.SECTION 9. TERMS AND CONDITIONS OF RESTRICTED STOCK UNITS.(a)    Restricted Stock Unit Agreement. Each Restricted Stock Unit granted under the Plan shall be evidenced by a Restricted Stock Unit Agreementbetween the Participant and the Company. Such Restricted Stock Unit shall be subject to all applicable terms of the Plan and may be subject to anyother terms that are not inconsistent with the Plan. The provisions of the various Restricted Stock Unit Agreements entered into under the Plan neednot be identical.(b)    Number of Shares. Each Restricted Stock Unit Agreement shall specify the number', '<2-hop>\n\nbusiness day of the Registrant’s mostrecently completed second fiscal quarter, was approximately $1,070,633,000,000. Solely for purposes of this disclosure, shares of common stock held by executive officersand  directors  of  the  Registrant  as  of  such  date  have  been  excluded  because  such  persons  may  be  deemed  to  be  affiliates.  This  determination  of  executive  officers  anddirectors as affiliates is not necessarily a conclusive determination for any other purposes.17,001,802,000 shares of common stock were issued and outstanding as of Oc tober 16, 2020.DOCUMENTS INCORPORATED BY REFERENCE Portions of the Registrant’s definitive proxy statement relating to its 2021 annual meeting of shareholders (the “2021 Proxy Statement”) are incorporated by reference into PartIII of this Annual Report on Form 10-K where indicated. The 2021 Proxy Statement will be filed with the U.S. Securities and Exchange Commission within 120 days after theend of the fiscal year to which this report relates.']","Under the Plan, holders of Stock Grants have the same voting, dividend, and other rights as other shareholders, except as otherwise stated in the Stock Grant Agreement. Dividends on portions subject to performance-based vesting are subject to forfeiture or repayment to the same extent as the corresponding portion of the Stock Grant. The registrant's definitive proxy statement for its 2021 annual meeting of shareholders incorporates by reference into Part III of the Annual Report on Form 10-K, indicating where voting rights and other shareholder matters are discussed.",,,,multi_hop_abstract_query_synthesizer
what happen if company TSR negative for performance period with vesting and hedging and loss contingencies?,"['<1-hop>\n\n, linearly interpolated) between the two nearest vesting percentages indicatedabove.Notwithstanding  the  foregoing,  if  the  Company’s  TSR  for  the  Performance  Period  is  negative,  in  no event  shall  more  than  one hundredpercent (100%) of the target Stock Units vest.The number of Stock Units that vest on the Vesting Date will be rounded to the nearest whole unit, and the balance of the Stock Units willnot vest and will terminate on that Vesting Date.For purposes of the Award, the following definitions will apply:•“ TSR Percentile ”  means the percentile ranking of the Company’s TSR among the TSRs for the Comparison Group members forthe  Performance  Period.  In  determining  the  Company’s  TSR  Percentile  for  the  Performance  Period,  in  the  event  that  theCompany’s TSR for the Performance Period is equal to the TSR(s) of one or more other Comparison Group members for that sameperiod, the Company’s TSR Percentile ranking will be determined by ranking the Company’s TSR for that period as being greaterthan such other Comparison Group members.•“ Comparison Group ”  means the Company and each other company included in the Standard & Poor’s 500 index on the first dayof the Performance Period and, except as provided below, the common stock (or similar equity security) of which continues to belisted or traded on a national securities exchange through the last trading day of the Performance Period. In the event a member ofthe  Comparison  Group  files  for', '<2-hop>\n\n2025, the maximum length of time over which the Company is hedging its exposure to the variability in future cash flows for term debt–related foreign currencytransactions is 17 years.\nThe Company may also use derivative instruments that are not designated as accounting hedges to protect gross margins from certain fluctuations in foreignexchange rates, as well as to offset a portion of the foreign currency gains and losses generated by the remeasurement of certain assets and liabilitiesdenominated in non-functional currencies.\nInterest Rate Risk\nTo protect the Company’s term debt or marketable securities from fluctuations in interest rates, the Company may use interest rate swaps, options or other\ninstruments. The Company designates these instruments as either cash flow or fair value hedges.\nApple Inc. | 2025 Form 10-K | 38', '<3-hop>\n\nwith  respect  to  loss  contingencies  for  asserted  legal  and  other  claims.  However,  the  outcome  of  legal  proceedings  and  claims  brought  against  theCompany is subject to significant uncertainty. Therefore, although management considers the likelihood of such an outcome to be remote, if one or more ofthese legal matters were resolved against the Company in a reporting period for amounts in excess of management’s expectations, the Company’s consolidatedfinancial statements for that reporting period could be materially adversely affected. See the risk factor “ The']","If the Company's TSR for the Performance Period is negative, in no event shall more than one hundred percent (100%) of the target Stock Units vest. Hedging and loss contingencies are not directly related to this vesting condition in the provided context.",,,,multi_hop_abstract_query_synthesizer
"How does the company manage cash flow hedges for term debt-related foreign currency transactions, and what are the associated lease costs for the years 2021 and 2020?","['<1-hop>\n\n2025, the maximum length of time over which the Company is hedging its exposure to the variability in future cash flows for term debt–related foreign currencytransactions is 17 years.\nThe Company may also use derivative instruments that are not designated as accounting hedges to protect gross margins from certain fluctuations in foreignexchange rates, as well as to offset a portion of the foreign currency gains and losses generated by the remeasurement of certain assets and liabilitiesdenominated in non-functional currencies.\nInterest Rate Risk\nTo protect the Company’s term debt or marketable securities from fluctuations in interest rates, the Company may use interest rate swaps, options or other\ninstruments. The Company designates these instruments as either cash flow or fair value hedges.\nApple Inc. | 2025 Form 10-K | 38', '<2-hop>\n\n2021 and 2020, respectively. Lease costs associated with variable payments on the Company’s leases were $14.9 billion, $12.9 billion and $9.3 billion for 2022,2021 and 2020, respectively.\nThe Company made $1.8 billion, $1.4 billion and $1.5 billion of fixed cash payments related to operating leases in 2022, 2021 and 2020, respectively. Noncash\nactivities involving right-of-use (“ROU”) assets obtained in exchange for lease liabilities were $2.8 billion for 2022, $3.3 billion for 2021 and $10.5 billion for 2020,including the impact of adopting the Financial Accounting Standards Board’s Accounting Standards Update No. 2016-02, Leases (Topic 842) in the first quarter\nof 2020.\nApple Inc. | 2022 Form 10-K | 43']","The company hedges its exposure to variability in future cash flows for term debt-related foreign currency transactions, with a maximum hedging period of 17 years as of 2025. For lease costs, the variable payments on the company's leases were $14.9 billion in 2022, $12.9 billion in 2021, and $9.3 billion in 2020. Additionally, fixed cash payments related to operating leases were $1.8 billion in 2022, $1.4 billion in 2021, and $1.5 billion in 2020.",,,,multi_hop_abstract_query_synthesizer
"What ar the rasons for the compny's non-payment of royaltys to its contract manufaturers, and how does the compny view its posistion in the legal proceedings?","['<1-hop>\n\nAs theCompany  does  not  believe  the  demanded  royalty  it  has  historically  paid  contract  manufacturers  for  each  applicable  device  is  fair,  reasonable  and  non-discriminatory,  and  believes  it  to  be  invalid  and/or  overstated  in  other  respects  as  well,  no  Qualcomm-related  royalty  payments  have  been  remitted  by  theCompany to its contract manufacturers since the beginning of the second quarter of 2017. The Company believes it will prevail on the merits of the case and hasaccrued its best estimate for the ultimate resolution of this matter.Note 10 – Segment Information and Geographic DataThe  Company  reports  segment  information  based  on  the  “management”  approach.  The  management  approach  designates  the  internal  reporting  used  bymanagement for making decisions and assessing performance as the source of the Company’s reportable segments.The Company manages its business primarily on a geographic basis. The Company’s reportable segments consist of the Americas, Europe, Greater China,Japan and Rest of Asia Pacific. Americas includes both North and South America. Europe includes European countries, as well as India, the Middle East andAfrica. Greater China includes China, Hong Kong and Taiwan. Rest of Asia Pacific includes Australia and those Asian countries not included in the Company’sother  reportable  segments.  Although  the  reportable  segments  provide  similar  hardware  and  software  products  and  similar  services,']","The company does not believe the demanded royalty it has historically paid contract manufacturers for each applicable device is fair, reasonable and non-discriminatory, and believes it to be invalid and/or overstated in other respects as well. Consequently, no Qualcomm-related royalty payments have been remitted by the company to its contract manufacturers since the beginning of the second quarter of 2017. The company believes it will prevail on the merits of the case and has accrued its best estimate for the ultimate resolution of this matter.",,,,multi_hop_abstract_query_synthesizer
